{
  "app_list": [
    "in.juspay.ec",
    "in.juspay.escrow",
    "in.juspay.godel",
    "in.juspay.godel.placeholder",
    "in.juspay.hyperapi",
    "in.juspay.hyperos",
    "in.juspay.hyperos.placeholder",
    "in.juspay.hyperpay",
    "in.juspay.upiintent"
  ],
  "dependencies": {
    "in.juspay.ec": {
      "default": {
        "entry": "base.html",
        "required_apps": [
          "in.juspay.escrow",
          "in.juspay.godel.placeholder",
          "in.juspay.hyperos.placeholder",
          "in.juspay.upiintent"
        ],
        "root": "payments/in.juspay.ec/"
      }
    },
    "in.juspay.escrow": {
      "default": {
        "entry": "base.html",
        "root": "payments/in.juspay.escrow/"
      }
    },
    "in.juspay.godel": {
      "default": {
        "entry": "base.html",
        "root": "payments/in.juspay.godel/"
      }
    },
    "in.juspay.godel.placeholder": {
      "default": {
        "entry": "",
        "root": "payments/in.juspay.godel/"
      }
    },
    "in.juspay.hyperapi": {
      "default": {
        "entry": "base.html",
        "required_apps": [
          "in.juspay.ec"
        ],
        "root": "payments/in.juspay.hyperapi/"
      }
    },
    "in.juspay.hyperos": {
      "default": {
        "entry": "",
        "root": ""
      }
    },
    "in.juspay.hyperos.placeholder": {
      "default": {
        "entry": "",
        "root": ""
      }
    },
    "in.juspay.hyperpay": {
      "default": {
        "entry": "base.html",
        "required_apps": [
          "in.juspay.ec"
        ],
        "root": "payments/in.juspay.hyperpay/"
      }
    },
    "in.juspay.upiintent": {
      "default": {
        "entry": "base.html",
        "root": "payments/in.juspay.upiintent/"
      }
    }
  },
  "live": {
    "assets": {
      "in.juspay.ec": {
        "config": "https://assets.juspay.in/juspay/payments/in.juspay.ec/release/v1-config.zip"
      },
      "in.juspay.escrow": {
        "configuration": "https://assets.juspay.in/hyper/configs/stageott/in.juspay.hyperpay/1.10.1/v1-configuration.zip",
        "fonts": [],
        "icons": "https://assets.juspay.in/hyper/configs/stageott/in.juspay.hyperpay/1.10.1/v1-icons.zip",
        "strings": "https://assets.juspay.in/hyper/configs/stageott/in.juspay.hyperpay/1.10.1/v1-strings.zip"
      },
      "in.juspay.godel": {
        "acs_js_source": "https://assets.juspay.in/hyper/bundles/acs/in.juspay.godel/1.3.5/v1-acs.zip",
        "boot_loader_js_source": "https://assets.juspay.in/hyper/bundles/release/in.juspay.godel/android/1.0rc2/common/1.0.1/v1-boot_loader.zip",
        "config": "https://assets.juspay.in/hyper/bundles/config/in.juspay.godel/1.5.0/v1-config.zip"
      },
      "in.juspay.godel.placeholder": {
        "acs_js_source": "https://assets.juspay.in/hyper/bundles/acs/in.juspay.godel/1.3.6/v1-acs.zip",
        "boot_loader_js_source": "https://assets.juspay.in/hyper/bundles/release/in.juspay.godel/android/1.0rc2/common/1.0.1/v1-boot_loader.zip",
        "config": "https://assets.juspay.in/hyper/bundles/config/in.juspay.godel/1.5.0/v1-config.zip"
      },
      "in.juspay.hyperos": {
        "config": "https://assets.juspay.in/juspay/payments/2.0/release/v1-config.zip",
        "manifest": "https://assets.juspay.in/hyper/bundles/in.juspay.merchants/stageott/android/release/manifest.json",
        "sdk_config": "https://assets.juspay.in/hyper/bundles/in.juspay.merchants/stageott/android/release/sdk_config.json",
        "unified_config": "https://assets.juspay.in/hyper/configs/in.juspay.merchants/stageott/android/release/unified_config.json"
      },
      "in.juspay.hyperos.placeholder": {
        "tracker": "https://assets.juspay.in/hyper/bundles/app/tracker/2.2.9/v1-tracker.zip"
      },
      "in.juspay.hyperpay": {
        "configuration": "https://assets.juspay.in/hyper/configs/stageott/in.juspay.hyperpay/1.10.1/v1-configuration.zip",
        "fonts": [],
        "icons": "https://assets.juspay.in/hyper/configs/stageott/in.juspay.hyperpay/1.10.1/v1-icons.zip",
        "strings": "https://assets.juspay.in/hyper/configs/stageott/in.juspay.hyperpay/1.10.1/v1-strings.zip"
      },
      "in.juspay.upiintent": {
        "config": "https://assets.juspay.in/hyper/bundles/android/release/in.juspay.upiintent/2.0.0/common/2.0.151/v1-config.zip"
      }
    },
    "id": "20265281347649765-patch-1.67.2-v2",
    "package": {
      "in.juspay.ec": "https://assets.juspay.in/hyper/bundles/app/in.juspay.ec/3.22.4/android/v1-index_bundle.zip",
      "in.juspay.escrow": "https://assets.juspay.in/hyper/bundles/app/in.juspay.escrow/4.0.4/android/v1-index_bundle.zip",
      "in.juspay.godel": "https://assets.juspay.in/hyper/bundles/app/in.juspay.godel/1.8.1/android/v1-index_bundle.zip",
      "in.juspay.godel.placeholder": "https://assets.juspay.in/hyper/bundles/app/in.juspay.godel/1.8.1/android/v1-index_bundle.zip",
      "in.juspay.hyperpay": "https://assets.juspay.in/hyper/bundles/app/in.juspay.hyperpay/4.47.8-release-20240805.3/android/v1-index_bundle.zip",
      "in.juspay.upiintent": "https://assets.juspay.in/hyper/bundles/app/in.juspay.upiintent/4.10.5/android/v1-index_bundle.zip"
    },
    "package_version": "3.19_android_rc2"
  },
  "meta": {
    "clientId": "stageott",
    "timeStamp": "Thursday 12 September, 2024 at 06:57:03 AM IST"
  },
  "new": {
    "assets": {
      "in.juspay.ec": {
        "config": "https://assets.juspay.in/juspay/payments/in.juspay.ec/release/v1-config.zip"
      },
      "in.juspay.escrow": {
        "configuration": "https://assets.juspay.in/hyper/configs/stageott/in.juspay.hyperpay/1.10.1/v1-configuration.zip",
        "fonts": [],
        "icons": "https://assets.juspay.in/hyper/configs/stageott/in.juspay.hyperpay/1.10.1/v1-icons.zip",
        "strings": "https://assets.juspay.in/hyper/configs/stageott/in.juspay.hyperpay/1.10.1/v1-strings.zip"
      },
      "in.juspay.godel": {
        "acs_js_source": "https://assets.juspay.in/hyper/bundles/acs/in.juspay.godel/1.3.5/v1-acs.zip",
        "boot_loader_js_source": "https://assets.juspay.in/hyper/bundles/release/in.juspay.godel/android/1.0rc2/common/1.0.1/v1-boot_loader.zip",
        "config": "https://assets.juspay.in/hyper/bundles/config/in.juspay.godel/1.5.0/v1-config.zip"
      },
      "in.juspay.godel.placeholder": {
        "acs_js_source": "https://assets.juspay.in/hyper/bundles/acs/in.juspay.godel/1.3.6/v1-acs.zip",
        "boot_loader_js_source": "https://assets.juspay.in/hyper/bundles/release/in.juspay.godel/android/1.0rc2/common/1.0.1/v1-boot_loader.zip",
        "config": "https://assets.juspay.in/hyper/bundles/config/in.juspay.godel/1.5.0/v1-config.zip"
      },
      "in.juspay.hyperos": {
        "config": "https://assets.juspay.in/juspay/payments/2.0/release/v1-config.zip",
        "manifest": "https://assets.juspay.in/hyper/bundles/in.juspay.merchants/stageott/android/release/manifest.json",
        "sdk_config": "https://assets.juspay.in/hyper/bundles/in.juspay.merchants/stageott/android/release/sdk_config.json",
        "unified_config": "https://assets.juspay.in/hyper/configs/in.juspay.merchants/stageott/android/release/unified_config.json"
      },
      "in.juspay.hyperos.placeholder": {
        "tracker": "https://assets.juspay.in/hyper/bundles/app/tracker/2.2.9/v1-tracker.zip"
      },
      "in.juspay.hyperpay": {
        "configuration": "https://assets.juspay.in/hyper/configs/stageott/in.juspay.hyperpay/1.10.1/v1-configuration.zip",
        "fonts": [],
        "icons": "https://assets.juspay.in/hyper/configs/stageott/in.juspay.hyperpay/1.10.1/v1-icons.zip",
        "strings": "https://assets.juspay.in/hyper/configs/stageott/in.juspay.hyperpay/1.10.1/v1-strings.zip"
      },
      "in.juspay.upiintent": {
        "config": "https://assets.juspay.in/hyper/bundles/android/release/in.juspay.upiintent/2.0.0/common/2.0.151/v1-config.zip"
      }
    },
    "id": "20265281347649765-patch-1.67.2-v2",
    "package": {
      "in.juspay.ec": "https://assets.juspay.in/hyper/bundles/app/in.juspay.ec/3.22.4/android/v1-index_bundle.zip",
      "in.juspay.escrow": "https://assets.juspay.in/hyper/bundles/app/in.juspay.escrow/4.0.4/android/v1-index_bundle.zip",
      "in.juspay.godel": "https://assets.juspay.in/hyper/bundles/app/in.juspay.godel/1.8.1/android/v1-index_bundle.zip",
      "in.juspay.godel.placeholder": "https://assets.juspay.in/hyper/bundles/app/in.juspay.godel/1.8.1/android/v1-index_bundle.zip",
      "in.juspay.hyperpay": "https://assets.juspay.in/hyper/bundles/app/in.juspay.hyperpay/4.47.8-release-20240805.3/android/v1-index_bundle.zip",
      "in.juspay.upiintent": "https://assets.juspay.in/hyper/bundles/app/in.juspay.upiintent/4.10.5/android/v1-index_bundle.zip"
    },
    "package_version": "3.19_android_rc2"
  },
  "patching": {
    "maxage": 604800
  },
  "stagger": 0,
  "variant_ids": [
    "7420038479658512384-test"
  ]
}