[{"handle":-5313136574027166515,"representation":{"name":"callbackDispatcher","class_name":"","library_path":"package:flutter_downloader/src/callback_dispatcher.dart"}},{"handle":-5087801457166972212,"representation":{"name":"_firebaseMessagingCallbackDispatcher","class_name":"","library_path":"package:firebase_messaging_platform_interface/src/method_channel/method_channel_messaging.dart"}},{"handle":1078468999425083062,"representation":{"name":"_firebaseMessagingBackgroundHandler","class_name":"","library_path":"package:stage/main.dart"}}]