{"configs_key":{"aha_moment_enabled":"false","rudder_session_timeout_in_mins":"30","watchlist_config":"{\"enabled\":false}","app_device_language_config":"{\"enabled\": false}","trialCancellationCopiesId":"trial_cancellation_p1","support_contact_info_raj_hin_config":"telecaller_support","enabled_upi_option":"razorpayupi","consumption_app_config":"{\"app_config\": \"mobile\"}","stage_gst_percentage":"","support_contact_info_raj_en_config":"telecaller_support","en_har_onboarding_id":"","en_raj_comingsoon_id":"","support_contact_info_har_en_config":"telecaller_support","show_new_payment_success_screen":"false","video_analytics_config":"{\"pingDuration\": 5 }","sub_cancellation_ab":"sub_cancellation_p1","fb_event_config":"{}","reels_config":"{\"enabled\":false}","show_invoicing":"false","hin_raj_comingsoon_id":"","payment_type":"juspay","user_feedback_config":"{\"enabled\": false}","video_playback_config":"{\"nextNudgeAnimationTimeInSec\":10}","get_dialect_from_deeplink_enabled":"false","chrome_cast_config":"{\"enabled\": false}","freemium_screen_redirect_consumption":"false","payment_methods_enabled":"{paymentMethodEnabled: [razorpayupi, netbanking, wallet, netbanking, paylater]}","auto_pay_enabled":"false","content_onboarding_config":"{\"enabled\":true,\"contentWatchedThresholdPercent\":20}","support_contact_info_bho_hin_config":"telecaller_support","support_contact_info_bho_en_config":"telecaller_support","stage_gst_experiment_status":"stopped","app_open_verifier_config":"{\"enabled\": false, \"verifierImageUrl\":\"\"}","video_pulse_config":"{\"pulse_frequency\": 30}","base_url_config":"{   \"baseUrl\":\"https:\/\/stageapi.stage.in\",\n  \"isRemoteUrlEnabled\":false }","micro_drama_config":"{\"enabled\":false}","en_har_comingsoon_id":"","hin_har_onboarding_id":"","subscription_banner_on_home_page":"false","datadog_config":"{\"samplingRate\": 10.0}","support_contact_info_har_hin_config":"telecaller_support","en_raj_onboarding_id":"","coming_soon_display_days":"{coming_soon_display_days: [sun, tue, thu, sat]}","hin_har_comingsoon_id":"","card_auto_pay_enabled":"false","search_event_enabled":"true","player_pip_config":"{\"in_app_pip_config\":{\"enabled\":false},\"out_app_pip_config\":{\"enabled\":false}}","appsflyer_deeplink_config":"{\"isAppsflyerDeeplinkFlowEnabled\":false}","hin_raj_onboarding_id":"","skip_trailer_on_trial_activation":"false","paywall_type":"paywall_v1","new_user_redirection":"false","content_filter_config":"{\"filterEnabled\": false,\"tooltipEnabled\":false,\"tooltipShowcaseDays\":3}","stage_app_setting":"","home_layout_config":"{\"useDynamicLayout: false, layoutVersion\":null}","tv_adoption_config":"{\"fab_enabled\": false, \"pre_roll_enabled\": false, \"pre_roll_videos\": []}"},"fetch_time_key":0,"abt_experiments_key":[],"personalization_metadata_key":{},"template_version_number_key":0,"rollout_metadata_key":[]}