{"configs_key":{"actual_free_trial":"false","aha_moment_enabled":"true","analytics_infra_config":"{   \"isNewInfraEnabled\": true,   \"isRudderstackEnabled\": true,   \"isAppsflyerEnabled\": true}","api_cache_config":"{\"inDBCacheEnabled\": true, \"defaultCacheExpiryMins\": 60}","app_device_language_config":"{\"enabled\":false}","app_open_verifier_config":"{\"enabled\":true,\"verifierImageUrl\":\"https:\/\/analytics.stage.in\/analytics.png\"}","app_update":"{\"latestAndroidBuildNumber\":1,\"isForceUpdateAndroid\":true,\"latestIosBuildNumber\":1,\"isForceUpdateIos\":false,\"appUpdateDialogTitleEn\":\"App update available\",\"appUpdateDialogSubtitleEn\":\"Please update your app to continue\",\"positiveButtonTextEn\":\"Update\",\"IgnoreButtonTextEn\":\"Not Now\",\"appUpdateDialogTitleHin\":\"एप्प अपडेट करें \",\"appUpdateDialogSubtitleHin\":\"कृपया अपनी एप्प को अपडेट कीजिए \",\"positiveButtonTextHin\":\"अपडेट शुरू करें\",\"IgnoreButtonTextHin\":\"अभी नहीं\",\"imageUrl\":\"\"}","appsflyer_deeplink_config":"{\"isAppsflyerDeeplinkFlowEnabled\":true,\"googleAppsflyerDeeplinkFlowEnabled\":true,\"facebookAppsflyerDeeplinkFlowEnabled\":true}","auth_experiment_enabled":"false","auto_login":"{\"is_auto_login_enabled\":false,\"auto_login_duration_in_sec\":5}","auto_login_duration_in_sec":"5","auto_pay_enabled":"true","auto_redirection_to_profile":"true","base_url_config":"{   \"baseUrl\":\"https:\/\/stage-api.stage.in\",   \"isRemoteUrlEnabled\":true }","cache_configuration":"{     \"in_memory_cache_enabled\": true,     \"disk_cache_enabled\": false,     \"in_memory_cache_expiry_time\": 600,     \"disk_cache_expiry_time\": 3600 }","card_auto_pay_enabled":"true","cdn_type":"aws-cloudfront","checkout_placeholder":"{}","chrome_cast_config":"{\"enabled\":true,\"ftux_enabled\":true}","coming_soon_display_days":"{ \"coming_soon_display_days\" : [\"sun\", \"tue\",\"thu\",\"sat\"] }","consumption_app_config":"{\"app_config\":\"mobile\",\"whatsapp_image_url_hi\":\"https:\/\/media.stage.in\/static\/consumtion-app-assets\/Consumption_whatsapp_hin.png\",\"whatsapp_image_url_en\":\"https:\/\/media.stage.in\/static\/consumtion-app-assets\/Consumption_whatsapp_eng.png\",\"email_image_url_hi\":\"https:\/\/media.stage.in\/static\/consumtion-app-assets\/Consumption_email_hin.png\",\"email_image_url_en\":\"https:\/\/media.stage.in\/static\/consumtion-app-assets\/Consumption_email_eng.png\"}","content_filter_config":"{ \"filterEnabled\": true, \"tooltipEnabled\": true, \"tooltipShowcaseDays\": 3 }","content_onboarding_config":"{\"enabled\":true,\"contentWatchedThresholdPercent\":20,\"onboardingPopupShownUntilDays\":3}","culture_selection_config":"{\"user_culture_selection_enabled\":true,\"other_user_culture_enabled\":true}","custom_load_control_enabled":"true","datadog_config":"{\"samplingRate\":0.5}","dialect_selection_config":"true","dummy_experiment":"without_per_month_price_dummy","en_har_comingsoon_id":"63467b65f6ab2e2229371371","en_har_onboarding_id":"63105ae8d1c7ad63132d2787","en_raj_comingsoon_id":"634657d0f6ab2e22293708dd","en_raj_onboarding_id":"6310622ed1c7ad63132d2811","enableMUXAnalytics":"true","enabled_upi_option":"razorpayupi","explicit_app_install_check_config":"false","fb_event_config":"{\"all_events\":\"on\",\"app_install\":\"off\",\"login_successful\":\"off\",\"signup_successful\":\"off\"}","fire_stage_event":"false","free_trial_plan_id":"trial_quarter_07_n1","freemium_screen_redirect_consumption":"false","h264ErrorResolutionLimit":"720p","haptic_feedback_enabled":"true","hin_har_comingsoon_id":"63467b4ff6ab2e222937136a","hin_har_onboarding_id":"63105a3dd1c7ad63132d2770","hin_raj_comingsoon_id":"634657c2f6ab2e22293708d6","hin_raj_onboarding_id":"63105b86d1c7ad63132d279c","home_layout_config":"{\"useDynamicHomeLayout\":true,\"layoutVersion\":null}","installed_apps_config":"{\"log_installed_apps\": true}","isFacebookInstallReferrerAtAppStart":"false","isFacebookInstallReferrerDL":"true","is_trailer_on_platter_enabled":"false","is_user_profile_enabled":"true","juspay_init_terminate_point":"{\"initPoint\":[\"trialScreen\",\"subscriptionScreen\",\"checkoutScreen\"],\"terminatePoint\":[\"app\"]}","live_url":"https:\/\/stageapi.stage.in","login":"social_and_otp","login_code_variation":"with_enabler","login_flow":"login_on_splash","login_option_config":"{\"truecaller\":{\"enabled\":false},\"googleHint\":{\"enabled\":false}}","login_phone_number_page_variation":"login_with_image","micro_drama_config":"{\"enabled\":true}","micro_drama_intro_video_url":"https:\/\/media.stage.in\/static\/Intro+Final+2.mp4","micro_drama_paywall_enabled":"true","motivator_show":"false","new_event_infra_enabled":"false","new_infra_enabled_for_appsflyer":"false","new_infra_enabled_for_facebook":"false","new_infra_enabled_for_firebase":"false","new_user_redirection":"true","payment_fail_path_url":"https:\/\/pr-395.d2fxijsuqk078g.amplifyapp.com\/mob-payment-fail","payment_fail_variation_id":"","payment_methods_enabled":"{   \"paymentMethodEnabled\":[\"razorpayupi\",\"setu\",\"card\",\"wallet\",\"netbanking\"] }","payment_options_source":"api","payment_type":"juspay","paywall_bg_image_url":"https:\/\/media.stage.in\/static\/New+Landing+Pager+BG+16x9+2.jpg","paywall_type":"paywall_v1","platter_memory_cache":"{\"unfilteredCacheEnabled\":false,\"filteredCacheEnabled\":true}","playback_speed_config":"{\n\"playbackSpeedMicroDramaEnabled\":true,\n\"playbackSpeedConsumptionEnabled\":true\n}","player_pip_config":"{\"in_app_pip_config\":{\"enabled\":false},\"out_app_pip_config\":{\"enabled\":false}}","prescheduledNotificationEnabled":"false","promoted_content_type":"image","pulse_interval_seconds":"30","recent_search_enabled":"true","recurring_payment_enabled":"true","reels_config":"{\"enabled\":true,\"bottomNavbarPosition\":2,\"videoCtaType\":\"type_1\",\"showNewTag\":true,\"preloadVideoCount\":5,\"showReelsMotivatorOnTrialPaywallClose\":true,\"showReelsMotivatorOnTrialMaxCount\":10,\"showReelsOnTrialPaywallClose\":true,\"enableFTUX\":true}","reels_motivator_max_count":"3","rudder_config":"{\"planeURL\":\"https:\/\/rudder-event-prod.stage.in\",\"writeKey\":\"36QF0PqNsJf4zj6W9LbkkXiUEM7\",\"bufferQueue\":60,\"encryptKey\":\"vatsana_8090at\",\"is_encrypt\":true,\"autoSessionTracking\":true}","rudder_session_timeout_in_mins":"15","search_suggestion_clear_frequency_hrs":"24","search_suggestion_count":"4","search_suggestion_enabled":"true","send_notification_permission_events":"false","show_invoicing":"false","show_new_payment_success_screen":"true","show_paywall_on_every_app_open":"true","show_ucb":"true","skip_trailer_on_trial_activation":"false","stage_app_setting":"{\"logout\":{\"isEnabledLogoutFromAllDevice\":false},\"apiRetryTimeout\":30}","stage_event_config":"{ \"fireEvent\":true,\"apiEndPoint\":\"https:\/\/event.stage.in\/event\",\"token\":\"eyJhbGciOiJIUzI1NiIsInR5cCI6IkpXVCJ9.eyJzdWIiOiIxMjM0NTY3ODkwIiwibmFtZSI6IkpvaG4gRG9lIiwiaWF0IjoxNTE2MjM5MDIyfQ.0M7jyuCmwy9Zdiy6xfx4QM7xPORwxgi49BwD4OauJdY\"}","stage_gst_experiment_status":"na","stage_gst_percentage":"18%","stage_video_pulse_config":"{\"stageMicroDramaPulseInterval\":5,\"reelsPulseInterval\":5,\"isPlaybackPulseReelsEnabled\":true,\"isPlaybackPulseMicroDramaEnabled\":true}","subscription_banner_on_home_page":"true","support_contact_info_bho_en_config":"ai_support","support_contact_info_bho_hin_config":"telecaller_support","support_contact_info_har_en_config":"ai_support","support_contact_info_har_hin_config":"telecaller_support","support_contact_info_raj_en_config":"ai_support","support_contact_info_raj_hin_config":"ai_support","test_key":"true","test_url":"http:\/\/testapi.stage.in","toast_msg":"","trial_button_lottie":"{}","trial_cancellation_ab":"cancel_flow_10","trial_payment_type":"juspay","trial_plan":"trial_quarter_07_399_june2025","trial_plan_config":"{ \"planId\": \"trial-paywall-randeep-199-a\", \"updatePlanForVersionBelow\": 1, \"isDeeplinkPriority\": true }","tv_adoption_config":"{\"fab_enabled\":true,\"fab_allowed_inactivity_days\":20,\"pre_roll_enabled\":false,\"pre_roll_videos\":[\"https:\/\/media.stage.in\/tv\/Final%2010sec-H_1.mp4\",\"https:\/\/media.stage.in\/tv\/Stage+Cast-H+5Sec.mp4\"]}","tv_adoption_web_url":"{\"en\":\"https:\/\/www.stage.in\/tv-hub\/en.html?hideHeader=true\",\"hin\":\"https:\/\/www.stage.in\/tv-hub\/hin.html?hideHeader=true\"}","tv_device_resolution_config":"[{\"deviceManufacturerModel\":\"skyworth_NSTV\",\"maxResolution\":\"1080p\"},{\"deviceManufacturerModel\":\"Hisense_HiSmartTV A4\",\"maxResolution\":\"1080p\"},{\"deviceManufacturerModel\":\"MediaTek_mt9255t_adcus\",\"maxResolution\":\"720p\"},{\"deviceManufacturerModel\":\"skyworth_SPPL 4K GSmartTV\",\"maxResolution\":\"1080p\"},{\"deviceManufacturerModel\":\"Droidlogic_SMART_TV\",\"maxResolution\":\"1080p\"},{\"deviceManufacturerModel\":\"skyworth_SW-22AE NF\",\"maxResolution\":\"1080p\"},{\"deviceManufacturerModel\":\"CVT_NULL_SMART TV\",\"maxResolution\":\"720p\"},{\"deviceManufacturerModel\":\"MediaTek_SMART TV\",\"maxResolution\":\"1080p\"},{\"deviceManufacturerModel\":\"MediaTek_mt9255t_zsnin\",\"maxResolution\":\"720p\"},{\"deviceManufacturerModel\":\"MediaTek_mt9255l\",\"maxResolution\":\"720p\"},{\"deviceManufacturerModel\":\"Haier_haierATV\",\"maxResolution\":\"1080p\"},{\"deviceManufacturerModel\":\"skyworth_4KTV-3SU\",\"maxResolution\":\"1080p\"},{\"deviceManufacturerModel\":\"Haier_Haier Android TV DVB\",\"maxResolution\":\"1080p\"},{\"deviceManufacturerModel\":\"skyworth_SWTV-22AE\",\"maxResolution\":\"1080p\"},{\"deviceManufacturerModel\":\"skyworth_LLOYD 4K SMART TV\",\"maxResolution\":\"1080p\"},{\"deviceManufacturerModel\":\"Changhong_AI PONT\",\"maxResolution\":\"1080p\"}]","tv_minimum_build_number":"505846","tv_rudder_data_plane_url":"https:\/\/rudder-event-prod.stage.in","tv_rudder_write_key":"36Pt2RD4tVkJ3FBFTCtwRNJqMGC","unwanted_search_asset":"{\"url\":\"https:\/\/media.stage.in\/static\/animation-final-Black.gif\",\"assetType\":\"image\"}","upi_app_override_logic_fix_enabled":"false","upi_apps_detection_config":"{   \"is_retry_enabled\": true,   \"explicit_app_install_check_enabled\": true,   \"apps_to_be_detected\": [     \"com.google.android.apps.nbu.paisa.user\",     \"com.phonepe.app\",     \"net.one97.paytm\"   ] ,   \"detection_allowed_for_sources\": [     \"app_launch\",     \"checkout\"   ]}","user_feedback_config":"{\"enabled\":true}","video_analytics_config":"{\"pingDuration\":5}","video_playback_config":"{\"nextNudgeAnimationTimeInSec\":5}","video_pulse_config":"{\"pulse_frequency\":5}","watchlist_config":"{\"enabled\":true,\"bottomNavbarPosition\":2}"},"fetch_time_key":1769669274477,"abt_experiments_key":[{"experimentId":"_exp_179","variantId":"1","experimentStartTime":"2025-10-30T19:01:42.363Z","triggerTimeoutMillis":"15552000000","timeToLiveMillis":"15552000000"},{"experimentId":"_exp_194","variantId":"1","experimentStartTime":"2025-12-19T11:55:48.291Z","triggerTimeoutMillis":"15552000000","timeToLiveMillis":"15552000000"},{"experimentId":"_exp_193","variantId":"0","experimentStartTime":"2025-12-19T11:57:03.989Z","triggerTimeoutMillis":"15552000000","timeToLiveMillis":"15552000000"},{"experimentId":"_exp_195","variantId":"0","experimentStartTime":"2025-12-19T11:58:04.492Z","triggerTimeoutMillis":"15552000000","timeToLiveMillis":"15552000000"},{"experimentId":"_exp_196","variantId":"1","experimentStartTime":"2025-12-19T11:58:37.183Z","triggerTimeoutMillis":"15552000000","timeToLiveMillis":"15552000000"},{"experimentId":"_exp_197","variantId":"1","experimentStartTime":"2025-12-19T11:59:36.291Z","triggerTimeoutMillis":"15552000000","timeToLiveMillis":"15552000000"},{"experimentId":"_exp_198","variantId":"1","experimentStartTime":"2025-12-19T12:00:09.587Z","triggerTimeoutMillis":"15552000000","timeToLiveMillis":"15552000000"},{"experimentId":"_exp_199","variantId":"0","experimentStartTime":"2025-12-19T13:20:43.395Z","triggerTimeoutMillis":"15552000000","timeToLiveMillis":"15552000000"},{"experimentId":"_exp_210","variantId":"2","experimentStartTime":"2026-01-28T14:28:13.568Z","triggerTimeoutMillis":"15552000000","timeToLiveMillis":"15552000000"}],"personalization_metadata_key":{},"template_version_number_key":624,"rollout_metadata_key":[]}