{"Fid":"ftAUnrn3RMuwNAK826XOsK","Status":3,"AuthToken":"eyJhbGciOiJFUzI1NiIsInR5cCI6IkpXVCJ9.eyJhcHBJZCI6IjE6ODM2MDQzODkyMTEwOmFuZHJvaWQ6YTMwYTg3Y2M1NzVhZDNiMjk4YjBkZiIsImV4cCI6MTc3MDI3NDA3NSwiZmlkIjoiZnRBVW5ybjNSTXV3TkFLODI2WE9zSyIsInByb2plY3ROdW1iZXIiOjgzNjA0Mzg5MjExMH0.AB2LPV8wRQIhAItCW4IiiygRCGiVcCR1i7mQyY8VRmx3Ljqt4V9-r-U0AiAFYF2qqPIBs-dRtZ5PQZanEz709h8vTljRR-mYqB9wLQ","RefreshToken":"3_AS3qfwK8ucvRbe_Cd-o01UpbS-eEk4iFU_5Gs-AK7vrc0xr5U5OJp6oKicgissziwJyMEgTw6lA2HHjQDVoFf5hfgzylfO3fKu8J_kCuOTK7X6c","TokenCreationEpochInSecs":1769669274,"ExpiresInSecs":604800}