<?xml version='1.0' encoding='utf-8' standalone='yes' ?>
<map>
    <int name="AF_CACHE_VERSION" value="2" />
    <string name="prev_event_name">page_viewed</string>
    <boolean name="didSendRevenueTriggerOnLastBackground" value="false" />
    <long name="prev_event_timestamp" value="1769669304307" />
    <string name="gcd">{&quot;retries&quot;:0,&quot;net&quot;:5980}</string>
    <long name="prev_session_dur" value="30" />
    <string name="sentSuccessfully">true</string>
    <boolean name="sentRegisterRequestToAF" value="true" />
    <string name="savedProperties">{&quot;waitForCustomerId&quot;:&quot;false&quot;,&quot;logLevel&quot;:&quot;0&quot;,&quot;AppUserId&quot;:&quot;651a97fa11c04549d5577f4f&quot;}</string>
    <string name="AF_INSTALLATION">1769669275901-3848318064235202792</string>
    <int name="appsFlyerCount" value="1" />
    <long name="AppsFlyerTimePassedSincePrevLaunch" value="1769669278024" />
    <long name="af_rc_timestamp" value="1769669276801" />
    <string name="appsFlyerFirstInstall">2026-01-29_121755+0530</string>
    <long name="afUninstallToken_received_time" value="1769669276346" />
    <string name="attributionId">{&quot;install_time&quot;:&quot;2026-01-29 06:48:00.909&quot;,&quot;af_message&quot;:&quot;organic install&quot;,&quot;af_status&quot;:&quot;Organic&quot;,&quot;is_first_launch&quot;:false}</string>
    <int name="appsFlyerInAppEventCount" value="12" />
    <string name="afUninstallToken">ftAUnrn3RMuwNAK826XOsK:APA91bEkUCJvTjwep0tACLMwrtVsGCo75_Jp3wZnOxhfQPSGbSlfb7pkdALTKOAiD4HFojG-4t89ph_o5_zUYrQ4rABzvyC53FSXXoF_4b9aHtKjG7f-03s</string>
    <boolean name="ddl_sent" value="true" />
    <long name="af_rc_max_age" value="86400" />
    <int name="versionCode" value="505940" />
    <string name="af_remote_config">eyJmZWF0dXJlcyI6e30sInZlciI6ImRlZmF1bHQudjEuMTYzNzE0OTUyOSJ9</string>
    <boolean name="afUninstallToken_queued" value="false" />
    <boolean name="newGPReferrerSent" value="true" />
    <string name="first_launch">{&quot;from_fg&quot;:2102,&quot;net&quot;:1884,&quot;start_with&quot;:&quot;activity&quot;,&quot;init_to_fg&quot;:31}</string>
</map>
