<?xml version='1.0' encoding='utf-8' standalone='yes' ?>
<map>
    <boolean name="deep_link_retrieval_complete" value="true" />
    <long name="first_open_time" value="1769669272765" />
    <string name="gmp_app_id">1:836043892110:android:a30a87cc575ad3b298b0df</string>
    <string name="app_instance_id">f65fe84d0e398e2de014d5ecc3d69e87</string>
    <long name="deep_link_retrieval_attempts" value="1" />
    <long name="session_id" value="1769669273" />
    <boolean name="app_backgrounded" value="true" />
    <long name="health_monitor:start" value="1769669273219" />
    <boolean name="use_service" value="true" />
    <boolean name="deferred_analytics_collection" value="false" />
    <string name="previous_os_version">10</string>
    <boolean name="has_been_opened" value="true" />
    <boolean name="allow_remote_dynamite" value="true" />
    <long name="last_pause_time" value="1769669305884" />
    <boolean name="start_new_session" value="false" />
</map>
