<?xml version='1.0' encoding='utf-8' standalone='yes' ?>
<map>
    <set name="android-installer/android fire-installations/18.0.0 fire-rc/22.1.2 fire-android/29 fire-abt/21.1.1 kotlin/2.2.10 device-name/sailfish device-model/sailfish flutter-fire-core/3.15.2 fire-core/21.0.0 fire-core-ktx/21.0.0 android-platform/ fire-cls/19.4.4 fire-sessions/2.1.2 android-target-sdk/35 fire-transport/19.0.0 flutter-fire-fcm/15.2.10 flutter-fire-cls/4.3.10 android-min-sdk/26 fire-fcm/24.1.2 flutter-fire-analytics/11.6.0 device-brand/Google flutter-fire-rc/5.5.0 fire-analytics/22.5.0">
        <string>2026-01-29</string>
    </set>
    <long name="fire-count" value="1" />
    <string name="last-used-date">2026-01-29</string>
    <long name="fire-global" value="1769669272895" />
</map>
