<?xml version='1.0' encoding='utf-8' standalone='yes' ?>
<map>
    <string name="flutter.countryCode">+91</string>
    <string name="flutter.genreSelected">3_2_1</string>
    <string name="flutter.images_urls">{&quot;auth_background&quot;:&quot;/static/auth_background.webp&quot;,&quot;coming_soon_banner&quot;:&quot;/static/coming_soon_banner.webp&quot;,&quot;contactus_background_mobile&quot;:&quot;/static/contactus_background_mobile.webp&quot;,&quot;desktop_preview&quot;:&quot;/static/desktop_preview.webp&quot;,&quot;dialect_image&quot;:&quot;/static/dialect_image.webp&quot;,&quot;ic_launcher&quot;:&quot;/static/ic_launcher.webp&quot;,&quot;kirana_coupon_failed&quot;:&quot;/static/kirana_coupon_failed.webp&quot;,&quot;mobile_preview&quot;:&quot;/static/mobile_preview.webp&quot;,&quot;spinner_crop&quot;:&quot;/static/spinner_crop.gif&quot;,&quot;stage_logo_horizontal&quot;:&quot;/static/stage_logo_horizontal.webp&quot;,&quot;stage_logo_stack&quot;:&quot;/static/stage_logo_stack.webp&quot;,&quot;stage_vip&quot;:&quot;/static/stage_vip.webp&quot;,&quot;successfull&quot;:&quot;/static/successfull.webp&quot;,&quot;tv_login_background&quot;:&quot;/static/tv_login_background.webp&quot;,&quot;verify_login&quot;:&quot;/static/Verify_Login_Image_HIN.png&quot;,&quot;verify_login_en&quot;:&quot;/static/Verify_Login_Image_ENG.png&quot;,&quot;s3Url&quot;:{&quot;basePath&quot;:&quot;https://media.stage.in&quot;,&quot;artistPath&quot;:&quot;/artist&quot;,&quot;collectionPath&quot;:&quot;/collection&quot;,&quot;showPath&quot;:&quot;/show&quot;,&quot;episodePath&quot;:&quot;/episode&quot;,&quot;showListing&quot;:&quot;/horizontal/large/&quot;,&quot;collectionListing&quot;:&quot;/horizontal/medium/&quot;,&quot;artistImage&quot;:&quot;/200/&quot;,&quot;exploreArtistVertical&quot;:&quot;/vertical/&quot;,&quot;exploreArtistHorizontal&quot;:&quot;/horizontal/medium/&quot;,&quot;artistListing&quot;:&quot;/200/&quot;,&quot;individual&quot;:&quot;/horizontal/medium/&quot;,&quot;featuredCollection&quot;:&quot;/horizontal/medium/&quot;,&quot;showBanner&quot;:&quot;/horizontal/medium/&quot;,&quot;episodeListing&quot;:&quot;/square/medium/&quot;,&quot;exclusiveShowSmall&quot;:&quot;/square/small/&quot;,&quot;similerContent&quot;:&quot;/horizontal/medium/&quot;,&quot;drawerImage&quot;:&quot;/horizontal/medium/&quot;,&quot;feedCollectionChip&quot;:&quot;/horizontal/small/&quot;,&quot;artistStory&quot;:&quot;/horizontal/&quot;,&quot;clip&quot;:&quot;/videoClips/&quot;,&quot;srtUrl&quot;:&quot;https://media.stage.in&quot;,&quot;srtpath&quot;:&quot;/episode/srt/&quot;,&quot;artistRectanglePath&quot;:&quot;/artist/notification_image&quot;,&quot;youTubeLiveStreaming&quot;:&quot;/youtubelivestream&quot;,&quot;dialectPath&quot;:&quot;/dialect&quot;,&quot;genreFolderMultidialect&quot;:&quot;/genre/multidialect&quot;,&quot;genreFolderMultidialectTv&quot;:&quot;/genre/multidialect/tv&quot;,&quot;onboardingPath&quot;:null,&quot;videoBasePath&quot;:&quot;https://media.stage.in&quot;,&quot;reelsVideoPath&quot;:null,&quot;reelsThumbnailPath&quot;:null,&quot;reelsVideoExtension&quot;:null,&quot;verticalListing&quot;:null,&quot;platterListing&quot;:null}}</string>
    <string name="flutter.paymentType">juspay</string>
    <string name="flutter.cultureSelected">har</string>
    <string name="flutter.user_preferences">[{&quot;categoryId&quot;:23,&quot;categoryName&quot;:&quot;Saanwari Jaisi aur movies&quot;,&quot;categoryThumbnail&quot;:&quot;https://media.stage.in/category/en_Saanwari_Jaisi_Aur_Movies.png&quot;,&quot;userAction&quot;:&quot;NONE&quot;},{&quot;categoryId&quot;:3,&quot;categoryName&quot;:&quot;Zabardast Motivation&quot;,&quot;categoryThumbnail&quot;:&quot;https://media.stage.in/category/en_Zabardast_Motivation.png&quot;,&quot;userAction&quot;:&quot;NONE&quot;},{&quot;categoryId&quot;:19,&quot;categoryName&quot;:&quot;Yashpal Ji Ki Fav.&quot;,&quot;categoryThumbnail&quot;:&quot;https://media.stage.in/category/en_Yashpal_Ji_Ki_Fav.png&quot;,&quot;userAction&quot;:&quot;NONE&quot;},{&quot;categoryId&quot;:5,&quot;categoryName&quot;:&quot;Ghar-Ghar Ke Masle&quot;,&quot;categoryThumbnail&quot;:&quot;https://media.stage.in/category/en_Ghar_Ghar_Ke_Masle.png&quot;,&quot;userAction&quot;:&quot;NONE&quot;},{&quot;categoryId&quot;:4,&quot;categoryName&quot;:&quot;Khaufnaak Badla&quot;,&quot;categoryThumbnail&quot;:&quot;https://media.stage.in/category/en_Khaufnaak_Badla.png&quot;,&quot;userAction&quot;:&quot;NONE&quot;}]</string>
    <long name="flutter.appOpenCounterForUserProfileSelection" value="1" />
    <long name="flutter.downloadCount" value="0" />
    <boolean name="flutter.openProfileSelectionOnNextOpen" value="true" />
    <string name="flutter.subscriptionAmount"></string>
    <string name="flutter.city">Kolkata</string>
    <string name="flutter.subscriptionActualExpiry">2023-10-03T00:00:00.000Z</string>
    <string name="flutter.userDetails">{&quot;_id&quot;:&quot;651a97fa11c04549d5577f4f&quot;,&quot;primaryMobileNumber&quot;:&quot;7866076215&quot;,&quot;status&quot;:&quot;active&quot;,&quot;createdAt&quot;:&quot;2023-10-02T10:14:18.490Z&quot;,&quot;deviceId&quot;:&quot;32d229112aac3848&quot;,&quot;language&quot;:&quot;hin&quot;,&quot;loginType&quot;:&quot;mobilenumber&quot;,&quot;type&quot;:&quot;app&quot;,&quot;updatedAt&quot;:&quot;2026-01-29T06:48:15.284Z&quot;,&quot;userName&quot;:null,&quot;emailId&quot;:null,&quot;isLoggedIn&quot;:true,&quot;onboarding&quot;:false,&quot;subscriptionStatus&quot;:0,&quot;onboardingConsumption&quot;:null,&quot;onboardingShow&quot;:null,&quot;onboardingVideoStatus&quot;:null,&quot;isNewUser&quot;:false,&quot;appRatingStatus&quot;:null,&quot;primaryLanguage&quot;:&quot;har&quot;,&quot;genre&quot;:&quot;3_2_1&quot;,&quot;favouriteCount&quot;:0,&quot;downloadCount&quot;:0,&quot;dialect&quot;:null,&quot;OnBoardingExitScreenId&quot;:null,&quot;onBoardingDialect&quot;:&quot;har&quot;,&quot;onBoardingId&quot;:&quot;63afdabc345609257f5b0e7a&quot;,&quot;onBoardingLanguage&quot;:&quot;hin&quot;,&quot;onBoardingStatus&quot;:&quot;completed&quot;,&quot;showOnboardingPostSubsExpiry&quot;:false,&quot;fullName&quot;:null,&quot;firstName&quot;:&quot;missL&quot;,&quot;lastName&quot;:&quot;&quot;,&quot;age&quot;:21,&quot;yearOfBirth&quot;:2004,&quot;gender&quot;:&quot;male&quot;,&quot;pinCode&quot;:null,&quot;locationCoordinates&quot;:null,&quot;isTNPLUser&quot;:true,&quot;userCulture&quot;:&quot;har&quot;,&quot;initialUserCulture&quot;:&quot;har&quot;}</string>
    <string name="flutter.selectedPlan">{&quot;planId&quot;:&quot;trial-paywall-randeep-199-a&quot;,&quot;planType&quot;:&quot;Weekly&quot;,&quot;planTypeText&quot;:&quot;7 Days Plan&quot;,&quot;planDays&quot;:&quot;7 days&quot;,&quot;actualPrice&quot;:199,&quot;payingPrice&quot;:1,&quot;discount&quot;:0,&quot;saved&quot;:7,&quot;totalCount&quot;:5,&quot;subscriptionDate&quot;:&quot;&quot;,&quot;subscriptionValid&quot;:&quot;&quot;,&quot;status&quot;:&quot;active&quot;,&quot;isRecurring&quot;:true,&quot;isRecommended&quot;:false,&quot;priority&quot;:0,&quot;totalDays&quot;:10,&quot;cardOption&quot;:[&quot;Unlimited Downloads&quot;,&quot;Make your favourite list&quot;,&quot;New web - series + films + Comedy shows&quot;],&quot;subscriptionExpiry&quot;:&quot;2026-02-08T06:42:09.159Z&quot;,&quot;displayPayingPrice&quot;:1,&quot;currencySymbol&quot;:&quot;₹&quot;,&quot;currency&quot;:&quot;INR&quot;,&quot;savedText&quot;:&quot;Save 0%&quot;,&quot;planTags&quot;:&quot;&quot;,&quot;payingPriceWithGst&quot;:1,&quot;offerText&quot;:&quot;50% off on 12 Months pack&quot;,&quot;isAftPlan&quot;:false,&quot;mediaAssets&quot;:null}</string>
    <string name="flutter.phoneNo">7866076215</string>
    <boolean name="flutter.isAppOpenManually" value="false" />
    <long name="flutter.appLanguageDialogLastInteractionTime" value="1769625000000" />
    <string name="flutter.language">en</string>
    <string name="flutter.firebaseAppInstanceId">f65fe84d0e398e2de014d5ecc3d69e87</string>
    <boolean name="flutter.isH265Supported" value="true" />
    <boolean name="flutter.isAlreadyTriggered" value="true" />
    <string name="flutter.username"></string>
    <long name="flutter.billingCycle" value="0" />
    <string name="flutter.validTill">2026-01-29T00:00:00.000+00:00</string>
    <string name="flutter.dialCode">+91</string>
    <string name="flutter.subscriptionDuration"></string>
    <boolean name="flutter.isNotificationScheduled" value="true" />
    <string name="flutter.partiallyWatchedContent">{&quot;id&quot;:&quot;2058&quot;,&quot;contentType&quot;:&quot;individual&quot;,&quot;showFormat&quot;:null,&quot;target&quot;:null}</string>
    <string name="flutter.trialCancellationCopiesId">cancel_flow_10</string>
    <boolean name="flutter.userRating" value="false" />
    <string name="flutter.subscriptionStatusResponse">{&quot;responseCode&quot;:200,&quot;responseMessage&quot;:&quot;Success&quot;,&quot;data&quot;:{&quot;s3Url&quot;:{&quot;basePath&quot;:&quot;https://media.stage.in&quot;,&quot;artistPath&quot;:&quot;/artist&quot;,&quot;collectionPath&quot;:&quot;/collection&quot;,&quot;showPath&quot;:&quot;/show&quot;,&quot;episodePath&quot;:&quot;/episode&quot;,&quot;showListing&quot;:&quot;/horizontal/large/&quot;,&quot;collectionListing&quot;:&quot;/horizontal/medium/&quot;,&quot;artistImage&quot;:&quot;/200/&quot;,&quot;exploreArtistVertical&quot;:&quot;/vertical/&quot;,&quot;exploreArtistHorizontal&quot;:&quot;/horizontal/medium/&quot;,&quot;artistListing&quot;:&quot;/200/&quot;,&quot;individual&quot;:&quot;/horizontal/medium/&quot;,&quot;featuredCollection&quot;:&quot;/horizontal/medium/&quot;,&quot;showBanner&quot;:&quot;/horizontal/medium/&quot;,&quot;episodeListing&quot;:&quot;/square/medium/&quot;,&quot;exclusiveShowSmall&quot;:&quot;/square/small/&quot;,&quot;similerContent&quot;:&quot;/horizontal/medium/&quot;,&quot;drawerImage&quot;:&quot;/horizontal/medium/&quot;,&quot;feedCollectionChip&quot;:&quot;/horizontal/small/&quot;,&quot;artistStory&quot;:&quot;/horizontal/&quot;,&quot;clip&quot;:&quot;/videoClips/&quot;,&quot;srtUrl&quot;:&quot;https://media.stage.in&quot;,&quot;srtpath&quot;:&quot;/episode/srt/&quot;,&quot;artistRectanglePath&quot;:&quot;/artist/notification_image&quot;,&quot;youTubeLiveStreaming&quot;:&quot;/youtubelivestream&quot;,&quot;dialectPath&quot;:&quot;/dialect&quot;,&quot;genreFolderMultidialect&quot;:&quot;/genre/multidialect&quot;,&quot;genreFolderMultidialectTv&quot;:&quot;/genre/multidialect/tv&quot;,&quot;onboardingPath&quot;:null,&quot;videoBasePath&quot;:&quot;https://media.stage.in&quot;,&quot;reelsVideoPath&quot;:null,&quot;reelsThumbnailPath&quot;:null,&quot;reelsVideoExtension&quot;:null,&quot;verticalListing&quot;:null,&quot;platterListing&quot;:null},&quot;subscriptionStatus&quot;:2,&quot;remainingTime&quot;:0,&quot;validTill&quot;:&quot;2026-01-29T00:00:00.000+00:00&quot;,&quot;subscriptionType&quot;:&quot;Free Trial Ended&quot;,&quot;subscriptionDuration&quot;:&quot;&quot;,&quot;subscriptionValidity&quot;:&quot;2026-01-29T06:48:20.488Z&quot;,&quot;subscriptionAmount&quot;:&quot;&quot;,&quot;isCancelStatus&quot;:&quot;&quot;,&quot;premiumUser&quot;:false,&quot;billingCycle&quot;:0,&quot;isRenew&quot;:false,&quot;isGlobal&quot;:false,&quot;subscriptionActualExpiry&quot;:&quot;2023-10-03T00:00:00.000Z&quot;,&quot;currency&quot;:&quot;INR&quot;,&quot;currencySymbol&quot;:&quot;₹&quot;,&quot;isUpgrade&quot;:false,&quot;subscription_end_date&quot;:&quot;&quot;,&quot;subscription_cycle&quot;:0,&quot;subscription_status&quot;:&quot;churned&quot;,&quot;subscriptionPlanType&quot;:&quot;NA&quot;,&quot;vendor&quot;:&quot;&quot;,&quot;isLatestPlanActiveTrial&quot;:false}}</string>
    <boolean name="flutter.showListingOnBoarding" value="false" />
    <string name="flutter.subscriptionStatusStr">churned</string>
    <string name="flutter.client_ip">152.59.160.207:45384</string>
    <long name="flutter.appLanguageDialogInteractionCount" value="1" />
    <string name="flutter.country">IN</string>
    <boolean name="flutter.videoOnBoarding" value="false" />
    <string name="flutter.gstExpStatus">na</string>
    <string name="flutter.initialUserCulture">har</string>
    <string name="flutter.userLocationResponse">{&quot;responseMessage&quot;:&quot;Success&quot;,&quot;data&quot;:{&quot;s3Url&quot;:{&quot;basePath&quot;:&quot;https://media.stage.in&quot;,&quot;artistPath&quot;:&quot;/artist&quot;,&quot;collectionPath&quot;:&quot;/collection&quot;,&quot;showPath&quot;:&quot;/show&quot;,&quot;episodePath&quot;:&quot;/episode&quot;,&quot;showListing&quot;:&quot;/horizontal/large/&quot;,&quot;collectionListing&quot;:&quot;/horizontal/medium/&quot;,&quot;artistImage&quot;:&quot;/200/&quot;,&quot;exploreArtistVertical&quot;:&quot;/vertical/&quot;,&quot;exploreArtistHorizontal&quot;:&quot;/horizontal/medium/&quot;,&quot;artistListing&quot;:&quot;/200/&quot;,&quot;individual&quot;:&quot;/horizontal/medium/&quot;,&quot;featuredCollection&quot;:&quot;/horizontal/medium/&quot;,&quot;showBanner&quot;:&quot;/horizontal/medium/&quot;,&quot;episodeListing&quot;:&quot;/square/medium/&quot;,&quot;exclusiveShowSmall&quot;:&quot;/square/small/&quot;,&quot;similerContent&quot;:&quot;/horizontal/medium/&quot;,&quot;drawerImage&quot;:&quot;/horizontal/medium/&quot;,&quot;feedCollectionChip&quot;:&quot;/horizontal/large/&quot;,&quot;artistStory&quot;:&quot;/horizontal/&quot;,&quot;clip&quot;:&quot;/videoClips/&quot;,&quot;srtUrl&quot;:&quot;https://media.stage.in&quot;,&quot;srtpath&quot;:&quot;/episode/srt/&quot;,&quot;artistRectanglePath&quot;:&quot;/artist/notification_image&quot;,&quot;youTubeLiveStreaming&quot;:&quot;/youtubelivestream&quot;,&quot;dialectPath&quot;:&quot;/dialect&quot;,&quot;genreFolderMultidialect&quot;:&quot;/genre/multidialect/&quot;,&quot;genreFolderMultidialectTv&quot;:&quot;/genre/multidialect/tv&quot;,&quot;onboardingPath&quot;:&quot;/onboarding-files/&quot;,&quot;videoBasePath&quot;:&quot;https://media.stage.in&quot;,&quot;reelsVideoPath&quot;:&quot;/reels/mp4-reels/480/&quot;,&quot;reelsThumbnailPath&quot;:&quot;/reels/thumbnail/&quot;,&quot;reelsVideoExtension&quot;:&quot;.mp4&quot;,&quot;verticalListing&quot;:&quot;/vertical/small/&quot;,&quot;platterListing&quot;:&quot;/square/semi-large/&quot;},&quot;country&quot;:&quot;IN&quot;,&quot;city&quot;:&quot;Kolkata&quot;,&quot;state&quot;:&quot;WB&quot;,&quot;clientIP&quot;:&quot;152.59.160.207:45384&quot;,&quot;currency&quot;:&quot;INR&quot;,&quot;currencySymbol&quot;:&quot;₹&quot;,&quot;countryCode&quot;:&quot;+91&quot;,&quot;countryFlag&quot;:&quot;https://upload.wikimedia.org/wikipedia/commons/a/a7/Flag_of_India_%28Websafe%29.svg&quot;}}</string>
    <long name="flutter.onboardingExitScreenNumber" value="0" />
    <boolean name="flutter.appInstall" value="true" />
    <string name="flutter.tv_adoption_last_visit_date">2026-01-29</string>
    <string name="flutter.createdAt">2023-10-02T10:14:18.490Z</string>
    <string name="flutter.settingData">{&quot;couponCount&quot;:0,&quot;remainingMinutes&quot;:0,&quot;isMobikwikOn&quot;:false,&quot;mobikwikCashbackAmount&quot;:100,&quot;mobikwikDetails&quot;:{&quot;title&quot;:&quot;Pay With MobiKwik&quot;,&quot;subTitle&quot;:&quot;Pay with Mobikwik &amp; get upto #AMOUNT#rs Cashback&quot;},&quot;whatsappNumber&quot;:&quot;+919311381566&quot;,&quot;supportNumber&quot;:&quot;+918045884494&quot;,&quot;defaultConsumptionBitrate&quot;:&quot;480&quot;,&quot;cashOption&quot;:false,&quot;isWhatsAppCommunityOn&quot;:false,&quot;basePath&quot;:&quot;&quot;,&quot;isGenreBoxVisible&quot;:true,&quot;isCouponSectionVisible&quot;:false,&quot;freeTrialAvailable&quot;:false,&quot;isSubscriptionTrialEnabled&quot;:true,&quot;isEligibleForTrialPlan&quot;:true,&quot;isTNPLUser&quot;:true,&quot;isTrialCancelable&quot;:false,&quot;freemiumPopUpAvailable&quot;:false,&quot;downloadPopUpAvailable&quot;:false,&quot;tvPopUpAvailable&quot;:false,&quot;webSeriesAvailable&quot;:true,&quot;filmAvailable&quot;:true,&quot;isFreemiumEnabled&quot;:false,&quot;priceSymbol&quot;:&quot;₹&quot;,&quot;dailyFreeTrailSec&quot;:null,&quot;subscriptionPlans&quot;:[{&quot;planId&quot;:&quot;quarterly_79_399_aug2025&quot;,&quot;planType&quot;:&quot;Quarterly&quot;,&quot;planTypeText&quot;:&quot;3 Months Plan&quot;,&quot;planDays&quot;:&quot;90 days&quot;,&quot;actualPrice&quot;:399,&quot;payingPrice&quot;:79,&quot;discount&quot;:0,&quot;saved&quot;:0,&quot;totalCount&quot;:24,&quot;subscriptionDate&quot;:&quot;2021-05-14T06:57:23.891Z&quot;,&quot;subscriptionValid&quot;:&quot;2021-08-12T06:57:23.891Z&quot;,&quot;status&quot;:&quot;active&quot;,&quot;isRecurring&quot;:true,&quot;isRecommended&quot;:false,&quot;priority&quot;:3,&quot;totalDays&quot;:90,&quot;cardOption&quot;:[&quot;Unlimited Downloads&quot;,&quot;Make your favourite list&quot;,&quot;New web - series + films + Comedy shows&quot;],&quot;subscriptionExpiry&quot;:&quot;2026-04-29T06:00:33.053Z&quot;,&quot;displayPayingPrice&quot;:79,&quot;currencySymbol&quot;:&quot;₹&quot;,&quot;currency&quot;:&quot;INR&quot;,&quot;savedText&quot;:&quot;Save 0%&quot;,&quot;planTags&quot;:&quot;&quot;,&quot;payingPriceWithGst&quot;:471,&quot;offerText&quot;:&quot;80% off on 3 Months pack&quot;,&quot;isAftPlan&quot;:false,&quot;mediaAssets&quot;:null}],&quot;customPaymentOptions&quot;:[{&quot;appName&quot;:&quot;PhonePe&quot;,&quot;packageName&quot;:&quot;com.phonepe.app&quot;,&quot;paymentGateway&quot;:&quot;PHONEPE&quot;,&quot;imagePath&quot;:&quot;/paymentPage/phonepe.png&quot;,&quot;displayText&quot;:&quot;(Recommended)&quot;,&quot;isEnabled&quot;:true,&quot;applyAppInstallCheck&quot;:true,&quot;visibleByDefault&quot;:true,&quot;showIfOptionsCountBelow&quot;:0,&quot;appShortName&quot;:&quot;PHP&quot;,&quot;pgShortName&quot;:&quot;PHPPG&quot;,&quot;paymentFailurePopupDelay&quot;:4,&quot;isCollapsedByDefault&quot;:false},{&quot;appName&quot;:&quot;Paytm&quot;,&quot;packageName&quot;:&quot;net.one97.paytm&quot;,&quot;paymentGateway&quot;:&quot;PAYTM&quot;,&quot;imagePath&quot;:&quot;/paymentPage/paytm.png&quot;,&quot;displayText&quot;:&quot;&quot;,&quot;isEnabled&quot;:true,&quot;applyAppInstallCheck&quot;:true,&quot;visibleByDefault&quot;:true,&quot;showIfOptionsCountBelow&quot;:2,&quot;appShortName&quot;:&quot;PTM&quot;,&quot;pgShortName&quot;:&quot;PTMPG&quot;,&quot;paymentFailurePopupDelay&quot;:4,&quot;isCollapsedByDefault&quot;:false},{&quot;appName&quot;:&quot;Google Pay&quot;,&quot;packageName&quot;:&quot;com.google.android.apps.nbu.paisa.user&quot;,&quot;paymentGateway&quot;:&quot;PHONEPE&quot;,&quot;imagePath&quot;:&quot;/paymentPage/gpay.png&quot;,&quot;displayText&quot;:&quot;&quot;,&quot;isEnabled&quot;:true,&quot;applyAppInstallCheck&quot;:true,&quot;visibleByDefault&quot;:false,&quot;showIfOptionsCountBelow&quot;:3,&quot;appShortName&quot;:&quot;GPY&quot;,&quot;pgShortName&quot;:&quot;PHPPG&quot;,&quot;paymentFailurePopupDelay&quot;:4,&quot;isCollapsedByDefault&quot;:false},{&quot;appName&quot;:&quot;UPI ऐप से पे करें&quot;,&quot;packageName&quot;:&quot;allApps&quot;,&quot;paymentGateway&quot;:&quot;PHONEPE&quot;,&quot;imagePath&quot;:&quot;/subscription/tnpl_2/upi_payment_option_mI5Fl2af.png&quot;,&quot;displayText&quot;:&quot;&quot;,&quot;isEnabled&quot;:true,&quot;applyAppInstallCheck&quot;:false,&quot;visibleByDefault&quot;:true,&quot;showIfOptionsCountBelow&quot;:1,&quot;appShortName&quot;:&quot;BTM&quot;,&quot;pgShortName&quot;:&quot;PHPPG&quot;,&quot;paymentFailurePopupDelay&quot;:4,&quot;isCollapsedByDefault&quot;:false},{&quot;appName&quot;:&quot;UPI ID का उपयोग करें&quot;,&quot;packageName&quot;:&quot;upiCollect&quot;,&quot;paymentGateway&quot;:&quot;PHONEPE&quot;,&quot;imagePath&quot;:&quot;/subscription/tnpl_2/upi_payment_option_mI5Fl2af.png&quot;,&quot;displayText&quot;:&quot;&quot;,&quot;isEnabled&quot;:true,&quot;applyAppInstallCheck&quot;:true,&quot;visibleByDefault&quot;:false,&quot;showIfOptionsCountBelow&quot;:3,&quot;appShortName&quot;:&quot;UPIID&quot;,&quot;pgShortName&quot;:&quot;PHPPG&quot;,&quot;paymentFailurePopupDelay&quot;:480,&quot;isCollapsedByDefault&quot;:false},{&quot;appName&quot;:&quot;अन्य पेमेंट ऑप्शन&quot;,&quot;packageName&quot;:&quot;JUSPAYSDK&quot;,&quot;paymentGateway&quot;:&quot;JUSPAY_CHECKOUT&quot;,&quot;imagePath&quot;:&quot;/paymentPage/rupee_symbol-2.png&quot;,&quot;displayText&quot;:&quot;&quot;,&quot;isEnabled&quot;:false,&quot;applyAppInstallCheck&quot;:false,&quot;visibleByDefault&quot;:false,&quot;showIfOptionsCountBelow&quot;:2,&quot;appShortName&quot;:&quot;JPY&quot;,&quot;pgShortName&quot;:&quot;JPYSDK&quot;,&quot;paymentFailurePopupDelay&quot;:4,&quot;isCollapsedByDefault&quot;:false}],&quot;paywallPaymentOptions&quot;:[{&quot;appName&quot;:&quot;PhonePe&quot;,&quot;packageName&quot;:&quot;com.phonepe.app&quot;,&quot;paymentGateway&quot;:&quot;PHONEPE&quot;,&quot;imagePath&quot;:&quot;/paymentPage/phonepe.png&quot;,&quot;displayText&quot;:&quot;(Recommended)&quot;,&quot;isEnabled&quot;:true,&quot;applyAppInstallCheck&quot;:true,&quot;visibleByDefault&quot;:true,&quot;showIfOptionsCountBelow&quot;:0,&quot;appShortName&quot;:&quot;PHP&quot;,&quot;pgShortName&quot;:&quot;PHPPG&quot;,&quot;paymentFailurePopupDelay&quot;:4,&quot;isCollapsedByDefault&quot;:false},{&quot;appName&quot;:&quot;Paytm&quot;,&quot;packageName&quot;:&quot;net.one97.paytm&quot;,&quot;paymentGateway&quot;:&quot;PAYTM&quot;,&quot;imagePath&quot;:&quot;/paymentPage/paytm.png&quot;,&quot;displayText&quot;:&quot;&quot;,&quot;isEnabled&quot;:true,&quot;applyAppInstallCheck&quot;:true,&quot;visibleByDefault&quot;:true,&quot;showIfOptionsCountBelow&quot;:2,&quot;appShortName&quot;:&quot;PTM&quot;,&quot;pgShortName&quot;:&quot;PTMPG&quot;,&quot;paymentFailurePopupDelay&quot;:4,&quot;isCollapsedByDefault&quot;:false},{&quot;appName&quot;:&quot;Google Pay&quot;,&quot;packageName&quot;:&quot;com.google.android.apps.nbu.paisa.user&quot;,&quot;paymentGateway&quot;:&quot;PHONEPE&quot;,&quot;imagePath&quot;:&quot;/paymentPage/gpay.png&quot;,&quot;displayText&quot;:&quot;&quot;,&quot;isEnabled&quot;:true,&quot;applyAppInstallCheck&quot;:true,&quot;visibleByDefault&quot;:true,&quot;showIfOptionsCountBelow&quot;:1,&quot;appShortName&quot;:&quot;GPY&quot;,&quot;pgShortName&quot;:&quot;PHPPG&quot;,&quot;paymentFailurePopupDelay&quot;:4,&quot;isCollapsedByDefault&quot;:false},{&quot;appName&quot;:&quot;UPI से भुगतान करें&quot;,&quot;packageName&quot;:&quot;allApps&quot;,&quot;paymentGateway&quot;:&quot;PHONEPE&quot;,&quot;imagePath&quot;:&quot;/paymentPage/UPI_logo-min.png&quot;,&quot;displayText&quot;:&quot;&quot;,&quot;isEnabled&quot;:false,&quot;applyAppInstallCheck&quot;:false,&quot;visibleByDefault&quot;:false,&quot;showIfOptionsCountBelow&quot;:1,&quot;appShortName&quot;:&quot;BTM&quot;,&quot;pgShortName&quot;:&quot;PHPPG&quot;,&quot;paymentFailurePopupDelay&quot;:4,&quot;isCollapsedByDefault&quot;:false},{&quot;appName&quot;:&quot;अन्य पेमेंट ऑप्शन&quot;,&quot;packageName&quot;:&quot;JUSPAYSDK&quot;,&quot;paymentGateway&quot;:&quot;JUSPAY_CHECKOUT&quot;,&quot;imagePath&quot;:&quot;/paymentPage/rupee_symbol-2.png&quot;,&quot;displayText&quot;:&quot;&quot;,&quot;isEnabled&quot;:false,&quot;applyAppInstallCheck&quot;:false,&quot;visibleByDefault&quot;:false,&quot;showIfOptionsCountBelow&quot;:3,&quot;appShortName&quot;:&quot;JPY&quot;,&quot;pgShortName&quot;:&quot;JPYSDK&quot;,&quot;paymentFailurePopupDelay&quot;:4,&quot;isCollapsedByDefault&quot;:false},{&quot;appName&quot;:&quot;Qr Code&quot;,&quot;packageName&quot;:&quot;qrCode&quot;,&quot;paymentGateway&quot;:&quot;PHONEPE&quot;,&quot;imagePath&quot;:&quot;/paymentPage/rupee_symbol-2.png&quot;,&quot;displayText&quot;:&quot;&quot;,&quot;isEnabled&quot;:false,&quot;applyAppInstallCheck&quot;:false,&quot;visibleByDefault&quot;:true,&quot;showIfOptionsCountBelow&quot;:3,&quot;appShortName&quot;:&quot;QR&quot;,&quot;pgShortName&quot;:&quot;PHPPG&quot;,&quot;paymentFailurePopupDelay&quot;:4,&quot;isCollapsedByDefault&quot;:false}],&quot;paymentFailurePopupDelay&quot;:21,&quot;defaultCouponCode&quot;:&quot;&quot;,&quot;isDefaultCouponApplied&quot;:false,&quot;subscriptionImage&quot;:&quot;/subscription/tnpl_2/hp_trial_banner_1_eng_RH.png&quot;,&quot;renewalImage&quot;:&quot;/subscription/HR_ENG_CMS.jpg&quot;,&quot;freeSubscriptionStartDate&quot;:&quot;2000-09-05T18:30:00.000Z&quot;,&quot;freeSubscriptionEndDate&quot;:&quot;2000-11-30T18:29:59.000Z&quot;,&quot;customerGluBannerNS&quot;:&quot;/subscription/clustomer_glu_banner_har.png&quot;,&quot;customerGluBanner&quot;:&quot;/referral/Refer_banner_eng.png&quot;,&quot;planIdArr&quot;:[],&quot;couponType&quot;:null,&quot;subscriptionGiven&quot;:null,&quot;header&quot;:null,&quot;description&quot;:null,&quot;whatsAppCommunityBanner&quot;:&quot;/community/whatsapp_Banner_ENg_har.png&quot;,&quot;freeSubscriptionOptInBanner&quot;:&quot;/subscription/ENG-Small-2new.gif&quot;,&quot;freeSubscriptionOptInBtn&quot;:&quot;/subscription/BTN-ENG.gif&quot;,&quot;freeSubscriptionBanner&quot;:&quot;/subscription/Subscription_Banner_ENG_FREE_RAJ_3.png&quot;,&quot;carouselImage&quot;:[&quot;/subscription/har_eng_21july.png&quot;],&quot;isPlayBillingEnabled&quot;:false,&quot;contentDetailFreeEpisode&quot;:&quot;/contentdetailPage/Widget_VIP_ENG.png&quot;,&quot;contentDetailFreeTrailStart&quot;:&quot;/contentdetailPage/Free_Trial_Start_HAR_ENG.png&quot;,&quot;contentDetailFreeTrailEnd&quot;:&quot;/contentdetailPage/Free_Trial_End_HAR_ENG.png&quot;,&quot;freeSubscriptionRemainingText&quot;:&quot;Your free subscription will expire in #DAYS# days&quot;,&quot;freeSubscriptionSettingScreenText&quot;:&quot;To watch Rajasthani videos without any interruption after November 30&quot;,&quot;whatsAppCommunityLink&quot;:&quot;https://chat.whatsapp.com/G2JxXcAPTvYHiLfNDAN19q&quot;,&quot;contentDetailStripImage&quot;:&quot;https://media.stage.in/contentdetailPage/NC_consumption_non_trial_har_eng_v1.jpg&quot;,&quot;updateProfileOnHomePopupFrequency&quot;:[&quot;1&quot;,&quot;3&quot;,&quot;5&quot;,&quot;7&quot;],&quot;updateProfileOnHomeEnabled&quot;:false,&quot;updateProfileOnHomeEnabledDays&quot;:[&quot;Sun&quot;,&quot;Mon&quot;,&quot;Thu&quot;,&quot;Fri&quot;],&quot;updateProfileSubscriptionPopupEnabled&quot;:true,&quot;showUserProfiling&quot;:true,&quot;showMobikwikOnPlans&quot;:[&quot;annual_399&quot;],&quot;careerPageUrl&quot;:&quot;https://stage.zohorecruit.in/jobs/Careers&quot;,&quot;d0Userchk&quot;:true,&quot;isChangePlanVisible&quot;:false,&quot;isManageSubscriptionVisible&quot;:true,&quot;subscriptionPaymentGateway&quot;:&quot;none&quot;,&quot;subscriptionVendor&quot;:&quot;&quot;,&quot;isPayAlertShow&quot;:false,&quot;isUpgradePlan&quot;:false,&quot;isCouponRedeemVisible&quot;:false,&quot;subscriptionTimer&quot;:600,&quot;trialTimer&quot;:600,&quot;isEligibleForTrialPlanOldUser&quot;:true,&quot;tnplCheckoutButtonTimer&quot;:0,&quot;showDialectSelection&quot;:true,&quot;tnplAutoPlayVideo&quot;:true,&quot;showConsumptionNudge&quot;:false,&quot;supportCta&quot;:false,&quot;whatsAppCta&quot;:true,&quot;isHomeScreenDialectSelection&quot;:true,&quot;appLogo&quot;:&quot;/static/stage_logo_horizontal.webp&quot;,&quot;isEligibleForAFT&quot;:true,&quot;isAFTOn&quot;:false,&quot;supportTvRegisterText&quot;:&quot;If you have any questions, please contact us at %ph.&quot;,&quot;pspTrialResumePlanId&quot;:&quot;&quot;,&quot;pspTrialDaysRemaining&quot;:0,&quot;isUserEligibleForNewTrialMandateSetup&quot;:false,&quot;newEligibleTrialPlanId&quot;:&quot;&quot;,&quot;isShortzActive&quot;:false,&quot;isConsumptionAppUser&quot;:false,&quot;logoWidth&quot;:0.3,&quot;takeStoreRating&quot;:5,&quot;inBoundNumber&quot;:&quot;07948516828&quot;}</string>
    <boolean name="flutter.isLatestPlanActiveTrial" value="false" />
    <long name="flutter.subscription_cycle" value="0" />
    <boolean name="flutter.isNewUser" value="false" />
    <long name="flutter.paywall_back_button_press" value="1" />
    <string name="flutter.currencySymbol">₹</string>
    <long name="flutter.freeConsumptionMin" value="0" />
    <boolean name="flutter.isMandatePaused" value="false" />
    <string name="flutter.provider">mobile</string>
    <boolean name="flutter.premiumUser" value="false" />
    <string name="flutter.subscriptionType">Free Trial Ended</string>
    <string name="flutter.currentPlanCurrencySymbol">₹</string>
    <string name="flutter.isCancelStatus"></string>
    <string name="flutter.subscription_end_date"></string>
    <boolean name="flutter.isUpgradePlan" value="false" />
    <string name="flutter.currency">INR</string>
    <boolean name="flutter.freeTrailerDialectUserOptedIn" value="false" />
    <string name="flutter.subscriptionValidity">2026-01-29T06:48:20.488Z</string>
    <string name="flutter.filterTooltipLastViewTimestamp">2026-01-29T12:18:23.990973</string>
    <boolean name="flutter.appDeviceLanguageSyncComplete" value="true" />
    <string name="flutter.userId">651a97fa11c04549d5577f4f</string>
    <boolean name="flutter.filterTooltipClosed" value="true" />
    <string name="flutter.defaultCouponCode"></string>
    <string name="flutter.vendor"></string>
    <long name="flutter.appOpenCount" value="1" />
    <string name="flutter.userSubscriptionStatusModel">{&quot;subscription_status&quot;:&quot;non_subscriber&quot;,&quot;subscription_valid_until&quot;:null,&quot;mandate_status&quot;:&quot;not_available&quot;}</string>
    <string name="flutter.dialectSelected">har</string>
    <string name="flutter.appsFlyerCampaign">{&quot;campaign&quot;:&quot;None&quot;,&quot;af_channel&quot;:&quot;None&quot;,&quot;adgroup&quot;:&quot;None&quot;,&quot;adgroup_id&quot;:&quot;None&quot;,&quot;adset&quot;:&quot;None&quot;,&quot;campaign_id&quot;:&quot;None&quot;,&quot;adset_id&quot;:&quot;None&quot;}</string>
    <string name="flutter.os">android</string>
    <long name="flutter.tv_adoption_visit_count" value="1" />
    <string name="flutter.state">WB</string>
    <string name="flutter.platform">app</string>
    <string name="flutter.userProfile">{&quot;_id&quot;:&quot;651a97fa11c04549d5577f4f&quot;,&quot;primaryMobileNumber&quot;:&quot;7866076215&quot;,&quot;status&quot;:&quot;active&quot;,&quot;createdAt&quot;:&quot;2023-10-02T10:14:18.490Z&quot;,&quot;deviceId&quot;:&quot;32d229112aac3848&quot;,&quot;language&quot;:&quot;hin&quot;,&quot;loginType&quot;:&quot;mobilenumber&quot;,&quot;type&quot;:&quot;app&quot;,&quot;updatedAt&quot;:&quot;2026-01-29T06:48:15.284Z&quot;,&quot;userName&quot;:null,&quot;emailId&quot;:null,&quot;isLoggedIn&quot;:true,&quot;onboarding&quot;:false,&quot;subscriptionStatus&quot;:0,&quot;onboardingConsumption&quot;:null,&quot;onboardingShow&quot;:null,&quot;onboardingVideoStatus&quot;:null,&quot;isNewUser&quot;:false,&quot;appRatingStatus&quot;:null,&quot;primaryLanguage&quot;:&quot;har&quot;,&quot;genre&quot;:&quot;3_2_1&quot;,&quot;favouriteCount&quot;:0,&quot;downloadCount&quot;:0,&quot;dialect&quot;:null,&quot;OnBoardingExitScreenId&quot;:null,&quot;onBoardingDialect&quot;:&quot;har&quot;,&quot;onBoardingId&quot;:&quot;63afdabc345609257f5b0e7a&quot;,&quot;onBoardingLanguage&quot;:&quot;hin&quot;,&quot;onBoardingStatus&quot;:&quot;completed&quot;,&quot;showOnboardingPostSubsExpiry&quot;:false,&quot;fullName&quot;:&quot;missL &quot;,&quot;firstName&quot;:&quot;missL&quot;,&quot;lastName&quot;:&quot;&quot;,&quot;age&quot;:21,&quot;yearOfBirth&quot;:2004,&quot;gender&quot;:&quot;male&quot;,&quot;pinCode&quot;:null,&quot;locationCoordinates&quot;:null,&quot;isTNPLUser&quot;:true,&quot;userCulture&quot;:&quot;har&quot;,&quot;initialUserCulture&quot;:&quot;har&quot;}</string>
    <long name="flutter.landOnHomePageCount" value="1" />
    <boolean name="flutter.whatsappCommunityBannerAvailable" value="false" />
    <string name="flutter.appFlyerId">1769669275901-3848318064235202792</string>
    <string name="flutter.onboardingSeenDetails">{&quot;_id&quot;:&quot;651a97fa11c04549d5577f4f&quot;,&quot;primaryMobileNumber&quot;:&quot;7866076215&quot;,&quot;status&quot;:&quot;active&quot;,&quot;createdAt&quot;:&quot;2023-10-02T10:14:18.490Z&quot;,&quot;deviceId&quot;:&quot;32d229112aac3848&quot;,&quot;language&quot;:&quot;hin&quot;,&quot;loginType&quot;:&quot;mobilenumber&quot;,&quot;type&quot;:&quot;app&quot;,&quot;updatedAt&quot;:&quot;2026-01-29T06:48:15.284Z&quot;,&quot;userName&quot;:null,&quot;emailId&quot;:null,&quot;isLoggedIn&quot;:true,&quot;onboarding&quot;:false,&quot;subscriptionStatus&quot;:0,&quot;onboardingConsumption&quot;:null,&quot;onboardingShow&quot;:null,&quot;onboardingVideoStatus&quot;:null,&quot;isNewUser&quot;:false,&quot;appRatingStatus&quot;:null,&quot;primaryLanguage&quot;:&quot;har&quot;,&quot;genre&quot;:&quot;3_2_1&quot;,&quot;favouriteCount&quot;:0,&quot;downloadCount&quot;:0,&quot;dialect&quot;:null,&quot;OnBoardingExitScreenId&quot;:null,&quot;onBoardingDialect&quot;:&quot;har&quot;,&quot;onBoardingId&quot;:&quot;63afdabc345609257f5b0e7a&quot;,&quot;onBoardingLanguage&quot;:&quot;hin&quot;,&quot;onBoardingStatus&quot;:&quot;completed&quot;,&quot;showOnboardingPostSubsExpiry&quot;:false,&quot;fullName&quot;:&quot;missL &quot;,&quot;firstName&quot;:&quot;missL&quot;,&quot;lastName&quot;:&quot;&quot;,&quot;age&quot;:21,&quot;yearOfBirth&quot;:2004,&quot;gender&quot;:&quot;male&quot;,&quot;pinCode&quot;:null,&quot;locationCoordinates&quot;:null,&quot;isTNPLUser&quot;:true,&quot;userCulture&quot;:&quot;har&quot;,&quot;initialUserCulture&quot;:&quot;har&quot;}</string>
    <string name="flutter.subscription_planType">NA</string>
    <string name="flutter.onboardingExitVersion"></string>
    <string name="flutter.lastSelectedProfileId">651a97fa11c04549d5577f4f</string>
    <string name="flutter.subCancellationCopiesId">sub_cancellation_p1</string>
    <boolean name="flutter.isRenew" value="false" />
    <string name="flutter.filterTooltipInitialViewTimestamp">2026-01-29T12:18:23.990973</string>
    <boolean name="flutter.redirectionPaywallViewed" value="true" />
    <boolean name="flutter.isTnplUserfromUserProp" value="true" />
    <string name="flutter.savedTrialPlan">{&quot;planId&quot;:&quot;trial-paywall-randeep-199-a&quot;,&quot;updatePlanForVersionBelow&quot;:1,&quot;isDeeplinkPriority&quot;:true,&quot;source&quot;:&quot;none&quot;}</string>
    <long name="flutter.subscriptionStatus" value="2" />
</map>
