<?xml version='1.0' encoding='utf-8' standalone='yes' ?>
<map>
    <long name="com.facebook.appevents.SessionInfo.sessionStartTime" value="1769669273953" />
    <long name="com.facebook.appevents.SessionInfo.sessionEndTime" value="1769669305878" />
    <string name="com.facebook.appevents.UserDataStore.internalUserData"></string>
    <int name="com.facebook.appevents.SessionInfo.interruptionCount" value="0" />
    <string name="com.facebook.appevents.UserDataStore.userData"></string>
    <string name="com.facebook.appevents.AnalyticsUserIDStore.userID">651a97fa11c04549d5577f4f</string>
    <string name="com.facebook.appevents.SessionInfo.sessionId">af069302-74b0-4db0-8099-0ccd27b6d1d9</string>
</map>
