<?xml version='1.0' encoding='utf-8' standalone='yes' ?>
<map>
    <string name="PERSISTENT_LOGS_WRITING_FILE">0</string>
    <string name="cache_pm_resp:_:stageott">{&quot;tpvPaymentMethods&quot;:[],&quot;surchargeLogic&quot;:null,&quot;paymentMethods&quot;:[{&quot;walletDirectDebitSupport&quot;:null,&quot;validations&quot;:null,&quot;supportedReferenceIds&quot;:[&quot;DEFAULT_NULL&quot;],&quot;supportedGateways&quot;:[{&quot;supportedReferenceIds&quot;:[&quot;DEFAULT_NULL&quot;],&quot;gatewayId&quot;:19,&quot;gateway&quot;:&quot;PAYTM_V2&quot;},{&quot;supportedReferenceIds&quot;:[&quot;DEFAULT_NULL&quot;],&quot;gatewayId&quot;:39,&quot;gateway&quot;:&quot;PHONEPE&quot;},{&quot;supportedReferenceIds&quot;:[&quot;DEFAULT_NULL&quot;],&quot;gatewayId&quot;:514,&quot;gateway&quot;:&quot;YES_BIZ&quot;}],&quot;supportedFeatures&quot;:null,&quot;registerAndDebitSupported&quot;:null,&quot;paymentMethodType&quot;:&quot;UPI&quot;,&quot;paymentMethodSubType&quot;:null,&quot;paymentMethod&quot;:&quot;UPI&quot;,&quot;nickName&quot;:&quot;UPI&quot;,&quot;metadata&quot;:null,&quot;juspayBankCode&quot;:&quot;JP_UPI&quot;,&quot;description&quot;:&quot;UPI&quot;},{&quot;walletDirectDebitSupport&quot;:null,&quot;validations&quot;:null,&quot;supportedReferenceIds&quot;:[&quot;DEFAULT_NULL&quot;],&quot;supportedGateways&quot;:[{&quot;supportedReferenceIds&quot;:[&quot;DEFAULT_NULL&quot;],&quot;gatewayId&quot;:39,&quot;gateway&quot;:&quot;PHONEPE&quot;}],&quot;supportedFeatures&quot;:[{&quot;supportedReferenceIds&quot;:[&quot;DEFAULT_NULL&quot;],&quot;featureName&quot;:&quot;SDK&quot;,&quot;additionalFeatures&quot;:null}],&quot;registerAndDebitSupported&quot;:null,&quot;paymentMethodType&quot;:&quot;WALLET&quot;,&quot;paymentMethodSubType&quot;:&quot;WALLET&quot;,&quot;paymentMethod&quot;:&quot;PHONEPE&quot;,&quot;nickName&quot;:&quot;PhonePe&quot;,&quot;metadata&quot;:null,&quot;juspayBankCode&quot;:&quot;JP_PHONEPE&quot;,&quot;description&quot;:&quot;PhonePe&quot;}],&quot;merchantConfigs&quot;:{&quot;mustUseGivenOrderIdForTxn&quot;:false},&quot;emandatePaymentMethods&quot;:[{&quot;walletDirectDebitSupport&quot;:null,&quot;validations&quot;:null,&quot;supportedReferenceIds&quot;:[&quot;DEFAULT_NULL&quot;],&quot;supportedGateways&quot;:[{&quot;supportedReferenceIds&quot;:[&quot;DEFAULT_NULL&quot;],&quot;gatewayId&quot;:514,&quot;gateway&quot;:&quot;YES_BIZ&quot;}],&quot;supportedFeatures&quot;:null,&quot;registerAndDebitSupported&quot;:null,&quot;paymentMethodType&quot;:&quot;UPI&quot;,&quot;paymentMethodSubType&quot;:null,&quot;paymentMethod&quot;:&quot;COLLECT&quot;,&quot;nickName&quot;:null,&quot;metadata&quot;:{&quot;supportedPspHandles&quot;:null,&quot;supportedPackageNames&quot;:null},&quot;juspayBankCode&quot;:&quot;COLLECT&quot;,&quot;description&quot;:&quot;UPI Collect&quot;},{&quot;walletDirectDebitSupport&quot;:null,&quot;validations&quot;:null,&quot;supportedReferenceIds&quot;:[&quot;DEFAULT_NULL&quot;],&quot;supportedGateways&quot;:[{&quot;supportedReferenceIds&quot;:[&quot;DEFAULT_NULL&quot;],&quot;gatewayId&quot;:514,&quot;gateway&quot;:&quot;YES_BIZ&quot;}],&quot;supportedFeatures&quot;:null,&quot;registerAndDebitSupported&quot;:null,&quot;paymentMethodType&quot;:&quot;UPI&quot;,&quot;paymentMethodSubType&quot;:null,&quot;paymentMethod&quot;:&quot;PAY&quot;,&quot;nickName&quot;:null,&quot;metadata&quot;:{&quot;supportedPspHandles&quot;:null,&quot;supportedPackageNames&quot;:null},&quot;juspayBankCode&quot;:&quot;PAY&quot;,&quot;description&quot;:&quot;UPI Intent Pay&quot;}]}</string>
    <string name="jp_asset_manage">false</string>
    <string name="juspay_android_id">1966b314-c01c-49b1-891b-24b98a577181</string>
    <string name="LOG_CHANNEL_NAMES">default</string>
    <string name="TEMP_LOGS_WRITING_FILE">0</string>
    <string name="PERSISTENT_LOGS_READING_FILE">0</string>
    <string name="jp_hash_and_status">{&quot;payments\/in.juspay.hyperpay\/v1-index_bundle.jsa&quot;:{&quot;status&quot;:&quot;loaded&quot;},&quot;payments\/in.juspay.ec\/v1-index_bundle.jsa&quot;:{&quot;status&quot;:&quot;loaded&quot;},&quot;payments\/in.juspay.escrow\/v1-index_bundle.jsa&quot;:{&quot;status&quot;:&quot;loaded&quot;},&quot;payments\/in.juspay.upiintent\/v1-index_bundle.jsa&quot;:{&quot;status&quot;:&quot;loaded&quot;}}</string>
    <string name="mpmResponsestageott">{&quot;tpvPaymentMethods&quot;:[],&quot;paymentMethods&quot;:[{&quot;supported_reference_ids&quot;:[&quot;DEFAULT_NULL&quot;],&quot;supported_gateways&quot;:[{&quot;supported_reference_ids&quot;:[&quot;DEFAULT_NULL&quot;],&quot;gateway_id&quot;:19,&quot;gateway&quot;:&quot;PAYTM_V2&quot;},{&quot;supported_reference_ids&quot;:[&quot;DEFAULT_NULL&quot;],&quot;gateway_id&quot;:39,&quot;gateway&quot;:&quot;PHONEPE&quot;},{&quot;supported_reference_ids&quot;:[&quot;DEFAULT_NULL&quot;],&quot;gateway_id&quot;:514,&quot;gateway&quot;:&quot;YES_BIZ&quot;}],&quot;payment_method_type&quot;:&quot;UPI&quot;,&quot;payment_method&quot;:&quot;UPI&quot;,&quot;nick_name&quot;:&quot;UPI&quot;,&quot;juspay_bank_code&quot;:&quot;JP_UPI&quot;,&quot;description&quot;:&quot;UPI&quot;},{&quot;supported_reference_ids&quot;:[&quot;DEFAULT_NULL&quot;],&quot;supported_gateways&quot;:[{&quot;supported_reference_ids&quot;:[&quot;DEFAULT_NULL&quot;],&quot;gateway_id&quot;:39,&quot;gateway&quot;:&quot;PHONEPE&quot;}],&quot;supported_features&quot;:[{&quot;supported_reference_ids&quot;:[&quot;DEFAULT_NULL&quot;],&quot;feature_name&quot;:&quot;sdk&quot;}],&quot;payment_method_type&quot;:&quot;WALLET&quot;,&quot;payment_method_sub_type&quot;:&quot;WALLET&quot;,&quot;payment_method&quot;:&quot;PHONEPE&quot;,&quot;nick_name&quot;:&quot;PhonePe&quot;,&quot;juspay_bank_code&quot;:&quot;JP_PHONEPE&quot;,&quot;description&quot;:&quot;PhonePe&quot;}],&quot;merchantConfigs&quot;:{&quot;must_use_given_order_id_for_txn&quot;:false},&quot;emandatePaymentMethods&quot;:[{&quot;supported_reference_ids&quot;:[&quot;DEFAULT_NULL&quot;],&quot;supported_gateways&quot;:[{&quot;supported_reference_ids&quot;:[&quot;DEFAULT_NULL&quot;],&quot;gateway_id&quot;:514,&quot;gateway&quot;:&quot;YES_BIZ&quot;}],&quot;payment_method_type&quot;:&quot;UPI&quot;,&quot;payment_method&quot;:&quot;COLLECT&quot;,&quot;metadata&quot;:{},&quot;juspay_bank_code&quot;:&quot;COLLECT&quot;,&quot;description&quot;:&quot;UPI Collect&quot;},{&quot;supported_reference_ids&quot;:[&quot;DEFAULT_NULL&quot;],&quot;supported_gateways&quot;:[{&quot;supported_reference_ids&quot;:[&quot;DEFAULT_NULL&quot;],&quot;gateway_id&quot;:514,&quot;gateway&quot;:&quot;YES_BIZ&quot;}],&quot;payment_method_type&quot;:&quot;UPI&quot;,&quot;payment_method&quot;:&quot;PAY&quot;,&quot;metadata&quot;:{},&quot;juspay_bank_code&quot;:&quot;PAY&quot;,&quot;description&quot;:&quot;UPI Intent Pay&quot;}]}</string>
    <string name="juspay_device_id">a33246c7-b3b3-4748-beba-ad4e1d735b98</string>
    <string name="LOGS_READING_FILE">0</string>
    <string name="TEMP_LOGS_READING_FILE">0</string>
    <string name="jos_download_list">{&quot;payments/in.juspay.upiintent/base.html&quot;:&quot;base.html&quot;,&quot;payments/in.juspay.escrow/base.html&quot;:&quot;base.html&quot;,&quot;payments/in.juspay.ec/base.html&quot;:&quot;base.html&quot;,&quot;payments/in.juspay.hyperpay/base.html&quot;:&quot;base.html&quot;,&quot;payments/in.juspay.upiintent/v1-config.zip&quot;:&quot;https://assets.juspay.in/hyper/bundles/android/release/in.juspay.upiintent/2.0.0/common/2.0.151/v1-config.zip&quot;,&quot;payments/in.juspay.escrow/v1-strings.zip&quot;:&quot;https://assets.juspay.in/hyper/configs/stageott/in.juspay.hyperpay/1.10.1/v1-strings.zip&quot;,&quot;payments/in.juspay.escrow/v1-icons.zip&quot;:&quot;https://assets.juspay.in/hyper/configs/stageott/in.juspay.hyperpay/1.10.1/v1-icons.zip&quot;,&quot;v1-tracker.zip&quot;:&quot;https://assets.juspay.in/hyper/bundles/app/tracker/2.2.9/v1-tracker.zip&quot;,&quot;payments/in.juspay.escrow/v1-configuration.zip&quot;:&quot;https://assets.juspay.in/hyper/configs/stageott/in.juspay.hyperpay/1.10.1/v1-configuration.zip&quot;,&quot;payments/in.juspay.godel/v1-config.zip&quot;:&quot;https://assets.juspay.in/hyper/bundles/config/in.juspay.godel/1.5.0/v1-config.zip&quot;,&quot;payments/in.juspay.godel/v1-boot_loader.zip&quot;:&quot;https://assets.juspay.in/hyper/bundles/release/in.juspay.godel/android/1.0rc2/common/1.0.1/v1-boot_loader.zip&quot;,&quot;payments/in.juspay.hyperpay/v1-strings.zip&quot;:&quot;https://assets.juspay.in/hyper/configs/stageott/in.juspay.hyperpay/1.10.1/v1-strings.zip&quot;,&quot;payments/in.juspay.ec/v1-config.zip&quot;:&quot;https://assets.juspay.in/juspay/payments/in.juspay.ec/release/v1-config.zip&quot;,&quot;payments/in.juspay.ec/v1-index_bundle.zip&quot;:&quot;https://assets.juspay.in/hyper/bundles/app/in.juspay.ec/3.22.4/android/v1-index_bundle.zip&quot;,&quot;payments/in.juspay.hyperpay/v1-icons.zip&quot;:&quot;https://assets.juspay.in/hyper/configs/stageott/in.juspay.hyperpay/1.10.1/v1-icons.zip&quot;,&quot;payments/in.juspay.hyperpay/v1-configuration.zip&quot;:&quot;https://assets.juspay.in/hyper/configs/stageott/in.juspay.hyperpay/1.10.1/v1-configuration.zip&quot;,&quot;payments/in.juspay.godel/v1-index_bundle.zip&quot;:&quot;https://assets.juspay.in/hyper/bundles/app/in.juspay.godel/1.8.1/android/v1-index_bundle.zip&quot;,&quot;payments/in.juspay.godel/v1-acs.zip&quot;:&quot;https://assets.juspay.in/hyper/bundles/acs/in.juspay.godel/1.3.6/v1-acs.zip&quot;,&quot;payments/in.juspay.upiintent/v1-index_bundle.zip&quot;:&quot;https://assets.juspay.in/hyper/bundles/app/in.juspay.upiintent/4.10.5/android/v1-index_bundle.zip&quot;,&quot;payments/in.juspay.escrow/v1-index_bundle.zip&quot;:&quot;https://assets.juspay.in/hyper/bundles/app/in.juspay.escrow/4.0.4/android/v1-index_bundle.zip&quot;,&quot;payments/in.juspay.hyperpay/v1-index_bundle.zip&quot;:&quot;https://assets.juspay.in/hyper/bundles/app/in.juspay.hyperpay/4.47.8-release-20240805.3/android/v1-index_bundle.zip&quot;}</string>
    <string name="LOGS_WRITING_FILE">0</string>
    <string name="jp_hyper_build_id">jus_2.2.2_1.0.30</string>
    <string name="asset_metadata.json">{&quot;config.json&quot;:{&quot;lastChecked&quot;:1769669300758,&quot;hashInDisk&quot;:&quot;9cd6bbcd28771ecf420d7c3cec914e0b&quot;,&quot;zipHashInDisk&quot;:&quot;9cd6bbcd28771ecf420d7c3cec914e0b&quot;},&quot;payments\/in.juspay.hyperpay\/v1-strings.jsa&quot;:{&quot;lastChecked&quot;:1769669302978,&quot;hashInDisk&quot;:&quot;02c3ee2259075afc1d63d11f68e4aa72&quot;,&quot;zipHashInDisk&quot;:&quot;36bda35aa55d7ad3fecc7089d40c3178&quot;},&quot;payments\/in.juspay.upiintent\/v1-config.jsa&quot;:{&quot;lastChecked&quot;:1769669302432,&quot;hashInDisk&quot;:&quot;95383a7e2f3d061845ce80c0ccd9b4fe&quot;,&quot;zipHashInDisk&quot;:&quot;e35465fdb90f3d87fb8a9b19ab2aed74&quot;},&quot;payments\/in.juspay.escrow\/v1-strings.jsa&quot;:{&quot;lastChecked&quot;:1769669302401,&quot;hashInDisk&quot;:&quot;02c3ee2259075afc1d63d11f68e4aa72&quot;,&quot;zipHashInDisk&quot;:&quot;36bda35aa55d7ad3fecc7089d40c3178&quot;},&quot;payments\/in.juspay.escrow\/v1-icons.jsa&quot;:{&quot;lastChecked&quot;:1769669302498,&quot;hashInDisk&quot;:&quot;5c9f835b02e97e6436bd017fc225d825&quot;,&quot;zipHashInDisk&quot;:&quot;9811c472fb337dbe94dd8390dc019fae&quot;},&quot;v1-tracker.jsa&quot;:{&quot;lastChecked&quot;:1769669302592,&quot;hashInDisk&quot;:&quot;d87288bc40eac2a474f7b992299f89a6&quot;,&quot;zipHashInDisk&quot;:&quot;c4223532dfd5df4b83cdf7946ded3503&quot;},&quot;payments\/in.juspay.escrow\/v1-configuration.jsa&quot;:{&quot;lastChecked&quot;:1769669302709,&quot;hashInDisk&quot;:&quot;eb38f13cbb57deaad61f7dd17cab39d0&quot;,&quot;zipHashInDisk&quot;:&quot;8070b655856425b7731e5463ce4f4928&quot;},&quot;payments\/in.juspay.godel\/v1-config.jsa&quot;:{&quot;lastChecked&quot;:1769669302718,&quot;hashInDisk&quot;:&quot;625c2f3afd30113a2eec6fc8dccce2b7&quot;,&quot;zipHashInDisk&quot;:&quot;fb8f2a0d9c4a9ea40a5f172a6a29a682&quot;},&quot;payments\/in.juspay.godel\/v1-boot_loader.jsa&quot;:{&quot;lastChecked&quot;:1769669302735,&quot;hashInDisk&quot;:&quot;aeda8369b70dbd0a107ddd38f08738f5&quot;,&quot;zipHashInDisk&quot;:&quot;3b52f2f0d550507208f50689c5dff01f&quot;},&quot;sdk_config.json&quot;:{&quot;lastChecked&quot;:1769669302874,&quot;hashInDisk&quot;:&quot;897cde2294830d161b83943982718589&quot;,&quot;zipHashInDisk&quot;:&quot;897cde2294830d161b83943982718589&quot;},&quot;payments\/in.juspay.ec\/v1-config.jsa&quot;:{&quot;lastChecked&quot;:1769669302987,&quot;hashInDisk&quot;:&quot;ac0d44c5afa519f554bcf36920bacd76&quot;,&quot;zipHashInDisk&quot;:&quot;01ec08875f5d676ef172339e7d3f9b8f&quot;},&quot;payments\/in.juspay.ec\/v1-index_bundle.jsa&quot;:{&quot;lastChecked&quot;:1769669303001,&quot;hashInDisk&quot;:&quot;86b0ac33edfdd40f4907b258d7c366e9&quot;,&quot;zipHashInDisk&quot;:&quot;5abb039052816b576c08383456a8f390&quot;},&quot;payments\/in.juspay.hyperpay\/v1-icons.jsa&quot;:{&quot;lastChecked&quot;:1769669303056,&quot;hashInDisk&quot;:&quot;5c9f835b02e97e6436bd017fc225d825&quot;,&quot;zipHashInDisk&quot;:&quot;9811c472fb337dbe94dd8390dc019fae&quot;},&quot;payments\/in.juspay.hyperpay\/v1-configuration.jsa&quot;:{&quot;lastChecked&quot;:1769669303070,&quot;hashInDisk&quot;:&quot;eb38f13cbb57deaad61f7dd17cab39d0&quot;,&quot;zipHashInDisk&quot;:&quot;8070b655856425b7731e5463ce4f4928&quot;},&quot;payments\/in.juspay.godel\/v1-index_bundle.jsa&quot;:{&quot;lastChecked&quot;:1769669303072,&quot;hashInDisk&quot;:&quot;f3ac65de17663fe8c387cb445701fd68&quot;,&quot;zipHashInDisk&quot;:&quot;49097bca5ee9b0604848bc17227b574f&quot;},&quot;payments\/in.juspay.godel\/v1-acs.jsa&quot;:{&quot;lastChecked&quot;:1769669303151,&quot;hashInDisk&quot;:&quot;dce7c7fa20c8346337677df0d9e87560&quot;,&quot;zipHashInDisk&quot;:&quot;cdf595608653ffe69955ed69a8ab331c&quot;},&quot;payments\/in.juspay.upiintent\/v1-index_bundle.jsa&quot;:{&quot;lastChecked&quot;:1769669303161,&quot;hashInDisk&quot;:&quot;939faea4da0a9326672ecb8ab0635a20&quot;,&quot;zipHashInDisk&quot;:&quot;49bc45618a33103281a41b56f2cc818b&quot;},&quot;payments\/in.juspay.escrow\/v1-index_bundle.jsa&quot;:{&quot;lastChecked&quot;:1769669303205,&quot;hashInDisk&quot;:&quot;96ecce7d2b85328debb3954e2954e187&quot;,&quot;zipHashInDisk&quot;:&quot;806e360142bfebfdd85d7c5553219f12&quot;},&quot;payments\/in.juspay.hyperpay\/v1-index_bundle.jsa&quot;:{&quot;lastChecked&quot;:1769669303480,&quot;hashInDisk&quot;:&quot;5c2ceac5d38c2a2e59966942b542148c&quot;,&quot;zipHashInDisk&quot;:&quot;ecc87d2d5de1110d211c91af23079435&quot;},&quot;jp_rightarrow_2_ffffff_2023_10_20_10_56_55.png&quot;:{&quot;lastChecked&quot;:1769669309688,&quot;hashInDisk&quot;:&quot;66bc0b382633cbaa4e619453ee16e414&quot;,&quot;zipHashInDisk&quot;:&quot;66bc0b382633cbaa4e619453ee16e414&quot;},&quot;jp_toolbarbackarrow_2_ffffff_2023_10_20_10_53_02.png&quot;:{&quot;lastChecked&quot;:1769669309680,&quot;hashInDisk&quot;:&quot;143402c5e52353235acc42158a271a19&quot;,&quot;zipHashInDisk&quot;:&quot;143402c5e52353235acc42158a271a19&quot;},&quot;jp_upi_04_ffffff_2023_10_20_10_53_41.png&quot;:{&quot;lastChecked&quot;:1769669309690,&quot;hashInDisk&quot;:&quot;fc9f9cdd5cdd86bd594351a061348c86&quot;,&quot;zipHashInDisk&quot;:&quot;fc9f9cdd5cdd86bd594351a061348c86&quot;}}</string>
    <string name="patch_toss">{&quot;ts&quot;:1769669298332,&quot;toss&quot;:50}</string>
</map>
