<?xml version='1.0' encoding='utf-8' standalone='yes' ?>
<map>
    <string name="rl_anonymous_id_key">6f9acc3f-9568-4586-8da5-f6393062c7df</string>
    <boolean name="rl_auto_session_tracking_status_key" value="false" />
    <string name="rl_application_version_key">4.0.0</string>
    <string name="rl_traits">{&quot;anonymousId&quot;:&quot;6f9acc3f-9568-4586-8da5-f6393062c7df&quot;,&quot;userId&quot;:&quot;651a97fa11c04549d5577f4f&quot;,&quot;id&quot;:&quot;651a97fa11c04549d5577f4f&quot;}</string>
    <int name="rl_application_build_key" value="505940" />
    <long name="rl_session_id_key" value="1769669275" />
    <long name="rl_server_last_updated" value="1769669276808" />
</map>
