<?xml version='1.0' encoding='utf-8' standalone='yes' ?>
<map>
    <int name="d_ts" value="1769669276" />
    <int name="dh" value="1750251695" />
    <int name="hgt" value="5" />
    <string name="av">4.0.0</string>
    <int name="v" value="2" />
    <int name="wdt" value="2" />
    <string name="j_n">Zm5kewADAgc=</string>
    <string name="i_n">bmJieAIGBAc=</string>
    <int name="r_ts" value="1769669306" />
    <string name="id">RKW-WR8-756Z</string>
    <string name="k_n">DHhkfgNRCAMxO2N6NGpmfgYJVQFibWUtYzxwFg==</string>
    <string name="j_s">{}</string>
</map>
