<?xml version='1.0' encoding='utf-8' standalone='yes' ?>
<map>
    <string name="pfworkid">RKW-WR8-756Z</string>
    <int name="comms_first_ts:RKW-WR8-756Z" value="1769669274" />
    <int name="encryptionMigrationFailureCount:RKW-WR8-756Z" value="0" />
    <int name="istmcd_inapp:__a1cdc39fdfaa47b78428c0bdb14f9d9f:RKW-WR8-756Z" value="30" />
    <string name="instance:RKW-WR8-756Z">{&quot;accountId&quot;:&quot;RKW-WR8-756Z&quot;,&quot;accountToken&quot;:&quot;b20-032&quot;,&quot;accountRegion&quot;:&quot;in1&quot;,&quot;analyticsOnly&quot;:false,&quot;isDefaultInstance&quot;:true,&quot;useGoogleAdId&quot;:true,&quot;disableAppLaunchedEvent&quot;:false,&quot;personalization&quot;:true,&quot;debugLevel&quot;:0,&quot;createdPostAppLaunch&quot;:true,&quot;sslPinning&quot;:false,&quot;backgroundSync&quot;:true,&quot;getEnableCustomCleverTapId&quot;:false,&quot;beta&quot;:false,&quot;encryptionLevel&quot;:0,&quot;encryptionInTransit&quot;:&quot;0&quot;,&quot;allowedPushTypes&quot;:[]}</string>
    <int name="istc_inapp:__a1cdc39fdfaa47b78428c0bdb14f9d9f:RKW-WR8-756Z" value="0" />
    <string name="deviceId:RKW-WR8-756Z">__a1cdc39fdfaa47b78428c0bdb14f9d9f</string>
    <int name="cachedGUIDsLengthKey:RKW-WR8-756Z" value="2" />
    <int name="sexe:RKW-WR8-756Z" value="1769669305" />
    <string name="SP_KEY_PROFILE_IDENTITIES:RKW-WR8-756Z">Email,Identity</string>
    <string name="fcm_token:RKW-WR8-756Z">ftAUnrn3RMuwNAK826XOsK:APA91bEkUCJvTjwep0tACLMwrtVsGCo75_Jp3wZnOxhfQPSGbSlfb7pkdALTKOAiD4HFojG-4t89ph_o5_zUYrQ4rABzvyC53FSXXoF_4b9aHtKjG7f-03s</string>
    <int name="encryptionLevel:RKW-WR8-756Z" value="0" />
    <int name="lastSessionId:RKW-WR8-756Z" value="1769669273" />
    <string name="ict_date:__a1cdc39fdfaa47b78428c0bdb14f9d9f:RKW-WR8-756Z">29012026</string>
    <int name="imc:__a1cdc39fdfaa47b78428c0bdb14f9d9f:RKW-WR8-756Z" value="1" />
    <boolean name="ssInAppMigrated:RKW-WR8-756Z" value="true" />
    <int name="comms_last_ts:RKW-WR8-756Z" value="1769669305" />
    <string name="cachedGUIDsKey:RKW-WR8-756Z">{&quot;Identity_&quot;:&quot;__a1cdc39fdfaa47b78428c0bdb14f9d9f&quot;,&quot;Identity_651a97fa11c04549d5577f4f&quot;:&quot;__a1cdc39fdfaa47b78428c0bdb14f9d9f&quot;}</string>
    <long name="last_assets_cleanup" value="1769669275484" />
</map>
