<?xml version='1.0' encoding='utf-8' standalone='yes' ?>
<map>
    <int name="__triggers_1769604735" value="1" />
    <int name="__triggers_1768296069" value="1" />
    <int name="__triggers_1768546355" value="1" />
    <int name="__triggers_1769354138" value="1" />
    <int name="__triggers_1768569649" value="1" />
    <int name="__triggers_1750666514" value="1" />
    <int name="__triggers_1732602919" value="1" />
    <int name="__triggers_1738993995" value="1" />
    <int name="__triggers_1769441002" value="1" />
    <int name="__triggers_1732602953" value="1" />
    <int name="__triggers_1768480246" value="1" />
    <int name="__triggers_1755081847" value="1" />
    <int name="__triggers_1769058282" value="1" />
</map>
